recorded_at_time,response_timestamp,latitude,longitude,line_name,operator_ref,vehicle_ref,journey_ref,direction_ref,date_of_journey,batch_id
2025-02-18T22:27:00.000+00,2025-02-18T22:27:13.000+00,51.459316,-2.588063,FAL,SDVN,SDVN-54291,134,inbound,2025-02-18,2378269
2025-02-18T22:27:21.000+00,2025-02-18T22:27:33.000+00,51.45932,-2.588084,FAL,SDVN,SDVN-54291,134,inbound,2025-02-18,2378271
2025-02-18T22:27:41.000+00,2025-02-18T22:27:53.000+00,51.45933,-2.588093,FAL,SDVN,SDVN-54291,134,inbound,2025-02-18,2378273
2025-02-18T22:28:01.000+00,2025-02-18T22:28:13.000+00,51.459328,-2.588087,FAL,SDVN,SDVN-54291,134,inbound,2025-02-18,2378275
2025-02-18T22:28:21.000+00,2025-02-18T22:28:33.000+00,51.459324,-2.588093,FAL,SDVN,SDVN-54291,134,inbound,2025-02-18,2378277
2025-02-18T22:28:41.000+00,2025-02-18T22:28:53.000+00,51.459282,-2.588107,FAL,SDVN,SDVN-54291,134,inbound,2025-02-18,2378279
2025-02-18T22:29:01.000+00,2025-02-18T22:29:13.000+00,51.45925,-2.588101,FAL,SDVN,SDVN-54291,134,inbound,2025-02-18,2378281
2025-02-18T22:29:21.000+00,2025-02-18T22:29:33.000+00,51.459244,-2.58813,FAL,SDVN,SDVN-54291,134,inbound,2025-02-18,2378283
2025-02-18T22:29:42.000+00,2025-02-18T22:29:53.000+00,51.459244,-2.588151,FAL,SDVN,SDVN-54291,134,inbound,2025-02-18,2378285
2025-02-18T22:30:02.000+00,2025-02-18T22:30:13.000+00,51.459248,-2.58813,FAL,SDVN,SDVN-54291,134,inbound,2025-02-18,2378287
2025-02-18T22:30:22.000+00,2025-02-18T22:30:33.000+00,51.459255,-2.589125,FAL,SDVN,SDVN-54291,134,inbound,2025-02-18,2378289
2025-02-18T22:30:42.000+00,2025-02-18T22:30:53.000+00,51.45918,-2.590459,FAL,SDVN,SDVN-54291,134,inbound,2025-02-18,2378291
2025-02-18T22:31:02.000+00,2025-02-18T22:31:13.000+00,51.458157,-2.592052,FAL,SDVN,SDVN-54291,134,inbound,2025-02-18,2378293
2025-02-18T22:31:22.000+00,2025-02-18T22:31:33.000+00,51.457935,-2.592208,FAL,SDVN,SDVN-54291,134,inbound,2025-02-18,2378295
2025-02-18T22:31:43.000+00,2025-02-18T22:31:53.000+00,51.45716,-2.59365,FAL,SDVN,SDVN-54291,134,inbound,2025-02-18,2378297
2025-02-18T22:32:03.000+00,2025-02-18T22:32:13.000+00,51.45633,-2.595702,FAL,SDVN,SDVN-54291,134,inbound,2025-02-18,2378299
2025-02-18T22:32:23.000+00,2025-02-18T22:32:33.000+00,51.4549,-2.596724,FAL,SDVN,SDVN-54291,134,inbound,2025-02-18,2378301
2025-02-18T22:32:43.000+00,2025-02-18T22:32:53.000+00,51.454666,-2.597028,FAL,SDVN,SDVN-54291,134,inbound,2025-02-18,2378303
2025-02-18T22:33:03.000+00,2025-02-18T22:33:13.000+00,51.453377,-2.597653,FAL,SDVN,SDVN-54291,134,inbound,2025-02-18,2378305
2025-02-18T22:33:23.000+00,2025-02-18T22:33:33.000+00,51.452145,-2.598249,FAL,SDVN,SDVN-54291,134,inbound,2025-02-18,2378307
2025-02-18T22:33:43.000+00,2025-02-18T22:33:53.000+00,51.45096,-2.599711,FAL,SDVN,SDVN-54291,134,inbound,2025-02-18,2378309
2025-02-18T22:34:03.000+00,2025-02-18T22:34:13.000+00,51.450577,-2.602764,FAL,SDVN,SDVN-54291,134,inbound,2025-02-18,2378311
2025-02-18T22:34:23.000+00,2025-02-18T22:34:33.000+00,51.450512,-2.60631,FAL,SDVN,SDVN-54291,134,inbound,2025-02-18,2378313
2025-02-18T22:34:43.000+00,2025-02-18T22:34:53.000+00,51.450436,-2.608828,FAL,SDVN,SDVN-54291,134,inbound,2025-02-18,2378315
2025-02-18T22:35:03.000+00,2025-02-18T22:35:13.000+00,51.449833,-2.61165,FAL,SDVN,SDVN-54291,134,inbound,2025-02-18,2378317
2025-02-18T22:35:24.000+00,2025-02-18T22:35:33.000+00,51.44972,-2.614687,FAL,SDVN,SDVN-54291,134,inbound,2025-02-18,2378319
2025-02-18T22:36:24.000+00,2025-02-18T22:36:43.000+00,51.44878,-2.620093,FAL,SDVN,SDVN-54291,134,inbound,2025-02-18,2378326
2025-02-18T22:36:44.000+00,2025-02-18T22:36:53.000+00,51.448624,-2.622336,FAL,SDVN,SDVN-54291,134,inbound,2025-02-18,2378327
2025-02-18T22:37:05.000+00,2025-02-18T22:37:13.000+00,51.44619,-2.624036,FAL,SDVN,SDVN-54291,134,inbound,2025-02-18,2378329
2025-02-18T22:37:25.000+00,2025-02-18T22:37:33.000+00,51.44389,-2.622447,FAL,SDVN,SDVN-54291,134,inbound,2025-02-18,2378331
2025-02-18T22:37:45.000+00,2025-02-18T22:37:53.000+00,51.44144,-2.624333,FAL,SDVN,SDVN-54291,134,inbound,2025-02-18,2378333
2025-02-18T22:38:05.000+00,2025-02-18T22:38:13.000+00,51.440308,-2.628185,FAL,SDVN,SDVN-54291,134,inbound,2025-02-18,2378335
2025-02-18T22:38:25.000+00,2025-02-18T22:38:33.000+00,51.438583,-2.632559,FAL,SDVN,SDVN-54291,134,inbound,2025-02-18,2378337
2025-02-18T22:39:25.000+00,2025-02-18T22:39:43.000+00,51.432766,-2.639841,FAL,SDVN,SDVN-54291,134,inbound,2025-02-18,2378344
2025-02-18T22:39:45.000+00,2025-02-18T22:39:53.000+00,51.430733,-2.635879,FAL,SDVN,SDVN-54291,134,inbound,2025-02-18,2378345
2025-02-18T22:40:05.000+00,2025-02-18T22:40:13.000+00,51.42729,-2.63468,FAL,SDVN,SDVN-54291,134,inbound,2025-02-18,2378347
2025-02-18T22:40:25.000+00,2025-02-18T22:40:33.000+00,51.424244,-2.63651,FAL,SDVN,SDVN-54291,134,inbound,2025-02-18,2378349
2025-02-18T22:40:45.000+00,2025-02-18T22:40:53.000+00,51.421207,-2.637747,FAL,SDVN,SDVN-54291,134,inbound,2025-02-18,2378351
2025-02-18T22:41:05.000+00,2025-02-18T22:41:23.000+00,51.419018,-2.636418,FAL,SDVN,SDVN-54291,134,inbound,2025-02-18,2378354
2025-02-18T22:41:25.000+00,2025-02-18T22:41:33.000+00,51.418438,-2.635137,FAL,SDVN,SDVN-54291,134,inbound,2025-02-18,2378355
2025-02-18T22:41:45.000+00,2025-02-18T22:41:53.000+00,51.417633,-2.637387,FAL,SDVN,SDVN-54291,134,inbound,2025-02-18,2378357
2025-02-18T22:42:06.000+00,2025-02-18T22:42:13.000+00,51.415627,-2.640741,FAL,SDVN,SDVN-54291,134,inbound,2025-02-18,2378359
2025-02-18T22:42:26.000+00,2025-02-18T22:42:33.000+00,51.412796,-2.643539,FAL,SDVN,SDVN-54291,134,inbound,2025-02-18,2378361
2025-02-18T22:42:46.000+00,2025-02-18T22:43:03.000+00,51.41032,-2.647144,FAL,SDVN,SDVN-54291,134,inbound,2025-02-18,2378364
2025-02-18T22:43:06.000+00,2025-02-18T22:43:13.000+00,51.408894,-2.65254,FAL,SDVN,SDVN-54291,134,inbound,2025-02-18,2378365
2025-02-18T22:43:26.000+00,2025-02-18T22:43:33.000+00,51.406834,-2.657248,FAL,SDVN,SDVN-54291,134,inbound,2025-02-18,2378367
2025-02-18T22:43:46.000+00,2025-02-18T22:44:03.000+00,51.40672,-2.662763,FAL,SDVN,SDVN-54291,134,inbound,2025-02-18,2378370
2025-02-18T22:44:07.000+00,2025-02-18T22:44:23.000+00,51.40515,-2.668535,FAL,SDVN,SDVN-54291,134,inbound,2025-02-18,2378372
2025-02-18T22:44:27.000+00,2025-02-18T22:44:33.000+00,51.40183,-2.672104,FAL,SDVN,SDVN-54291,134,inbound,2025-02-18,2378373
2025-02-18T22:44:47.000+00,2025-02-18T22:45:03.000+00,51.398823,-2.67621,FAL,SDVN,SDVN-54291,134,inbound,2025-02-18,2378376
2025-02-18T22:45:07.000+00,2025-02-18T22:45:33.000+00,51.39683,-2.681825,FAL,SDVN,SDVN-54291,134,inbound,2025-02-18,2378379
2025-02-18T22:45:27.000+00,2025-02-18T22:45:43.000+00,51.396008,-2.687418,FAL,SDVN,SDVN-54291,134,inbound,2025-02-18,2378380
2025-02-18T22:45:47.000+00,2025-02-18T22:46:03.000+00,51.394714,-2.692274,FAL,SDVN,SDVN-54291,134,inbound,2025-02-18,2378382
2025-02-18T22:46:07.000+00,2025-02-18T22:46:23.000+00,51.393032,-2.695599,FAL,SDVN,SDVN-54291,134,inbound,2025-02-18,2378384
2025-02-18T22:46:28.000+00,2025-02-18T22:46:43.000+00,51.390747,-2.698111,FAL,SDVN,SDVN-54291,134,inbound,2025-02-18,2378386
2025-02-18T22:46:48.000+00,2025-02-18T22:47:03.000+00,51.388515,-2.699775,FAL,SDVN,SDVN-54291,134,inbound,2025-02-18,2378388
2025-02-18T22:47:08.000+00,2025-02-18T22:47:23.000+00,51.387463,-2.70051,FAL,SDVN,SDVN-54291,134,inbound,2025-02-18,2378390
2025-02-18T22:47:28.000+00,2025-02-18T22:47:43.000+00,51.385918,-2.701557,FAL,SDVN,SDVN-54291,134,inbound,2025-02-18,2378392
2025-02-18T22:47:48.000+00,2025-02-18T22:48:03.000+00,51.385605,-2.702067,FAL,SDVN,SDVN-54291,134,inbound,2025-02-18,2378394
2025-02-18T22:48:08.000+00,2025-02-18T22:48:23.000+00,51.386204,-2.70358,FAL,SDVN,SDVN-54291,134,inbound,2025-02-18,2378396
2025-02-18T22:48:29.000+00,2025-02-18T22:48:43.000+00,51.386936,-2.70595,FAL,SDVN,SDVN-54291,134,inbound,2025-02-18,2378398
2025-02-18T22:48:49.000+00,2025-02-18T22:49:03.000+00,51.387943,-2.708118,FAL,SDVN,SDVN-54291,134,inbound,2025-02-18,2378400
2025-02-18T22:49:09.000+00,2025-02-18T22:49:23.000+00,51.388573,-2.710336,FAL,SDVN,SDVN-54291,134,inbound,2025-02-18,2378402
2025-02-18T22:49:29.000+00,2025-02-18T22:49:43.000+00,51.38901,-2.712717,FAL,SDVN,SDVN-54291,134,inbound,2025-02-18,2378404
2025-02-18T22:49:49.000+00,2025-02-18T22:50:04.000+00,51.389046,-2.714738,FAL,SDVN,SDVN-54291,134,inbound,2025-02-18,2378406
2025-02-18T22:50:09.000+00,2025-02-18T22:50:23.000+00,51.38813,-2.714944,FAL,SDVN,SDVN-54291,134,inbound,2025-02-18,2378408
2025-02-18T22:50:29.000+00,2025-02-18T22:50:43.000+00,51.38763,-2.713603,FAL,SDVN,SDVN-54291,134,inbound,2025-02-18,2378410
2025-02-18T22:50:49.000+00,2025-02-18T22:51:03.000+00,51.387463,-2.712633,FAL,SDVN,SDVN-54291,134,inbound,2025-02-18,2378412
2025-02-18T22:51:10.000+00,2025-02-18T22:51:23.000+00,51.387417,-2.711753,FAL,SDVN,SDVN-54291,134,inbound,2025-02-18,2378414
2025-02-18T22:51:30.000+00,2025-02-18T22:51:43.000+00,51.387474,-2.711805,FAL,SDVN,SDVN-54291,134,inbound,2025-02-18,2378416
2025-02-18T22:51:50.000+00,2025-02-18T22:52:03.000+00,51.387493,-2.711899,FAL,SDVN,SDVN-54291,134,inbound,2025-02-18,2378418
2025-02-18T22:52:10.000+00,2025-02-18T22:52:23.000+00,51.387493,-2.711912,FAL,SDVN,SDVN-54291,134,inbound,2025-02-18,2378420
2025-02-18T22:52:30.000+00,2025-02-18T22:52:43.000+00,51.38747,-2.711828,FAL,SDVN,SDVN-54291,134,inbound,2025-02-18,2378422
2025-02-18T22:52:50.000+00,2025-02-18T22:53:03.000+00,51.38745,-2.711796,FAL,SDVN,SDVN-54291,134,inbound,2025-02-18,2378424
2025-02-18T22:53:10.000+00,2025-02-18T22:53:23.000+00,51.387436,-2.711785,FAL,SDVN,SDVN-54291,134,inbound,2025-02-18,2378426
2025-02-18T22:53:31.000+00,2025-02-18T22:53:43.000+00,51.387424,-2.711768,FAL,SDVN,SDVN-54291,134,inbound,2025-02-18,2378428
2025-02-18T22:53:51.000+00,2025-02-18T22:54:03.000+00,51.38742,-2.711783,FAL,SDVN,SDVN-54291,134,inbound,2025-02-18,2378430
2025-02-18T22:54:11.000+00,2025-02-18T22:54:23.000+00,51.387424,-2.711787,FAL,SDVN,SDVN-54291,134,inbound,2025-02-18,2378432
2025-02-18T22:54:31.000+00,2025-02-18T22:54:43.000+00,51.387424,-2.711749,FAL,SDVN,SDVN-54291,134,inbound,2025-02-18,2378434
2025-02-18T22:54:51.000+00,2025-02-18T22:55:04.000+00,51.387447,-2.711709,FAL,SDVN,SDVN-54291,134,inbound,2025-02-18,2378436
2025-02-18T22:55:11.000+00,2025-02-18T22:55:24.000+00,51.387455,-2.71174,FAL,SDVN,SDVN-54291,134,inbound,2025-02-18,2378438
2025-02-18T22:55:31.000+00,2025-02-18T22:55:43.000+00,51.38745,-2.71175,FAL,SDVN,SDVN-54291,134,inbound,2025-02-18,2378440
2025-02-18T22:55:52.000+00,2025-02-18T22:56:04.000+00,51.38745,-2.711739,FAL,SDVN,SDVN-54291,134,inbound,2025-02-18,2378442
2025-02-18T22:56:12.000+00,2025-02-18T22:56:24.000+00,51.387466,-2.711732,FAL,SDVN,SDVN-54291,134,inbound,2025-02-18,2378444
2025-02-18T22:56:32.000+00,2025-02-18T22:56:44.000+00,51.387444,-2.711746,FAL,SDVN,SDVN-54291,134,inbound,2025-02-18,2378446
2025-02-18T22:56:52.000+00,2025-02-18T22:57:04.000+00,51.387466,-2.711755,FAL,SDVN,SDVN-54291,134,inbound,2025-02-18,2378448
2025-02-18T22:57:12.000+00,2025-02-18T22:57:24.000+00,51.3875,-2.711767,FAL,SDVN,SDVN-54291,134,inbound,2025-02-18,2378450
2025-02-18T22:57:32.000+00,2025-02-18T22:57:44.000+00,51.387516,-2.711773,FAL,SDVN,SDVN-54291,134,inbound,2025-02-18,2378452
2025-02-18T22:57:52.000+00,2025-02-18T22:58:04.000+00,51.387516,-2.711767,FAL,SDVN,SDVN-54291,134,inbound,2025-02-18,2378454
2025-02-18T22:58:12.000+00,2025-02-18T22:58:24.000+00,51.387505,-2.711768,FAL,SDVN,SDVN-54291,134,inbound,2025-02-18,2378456
2025-02-18T22:58:32.000+00,2025-02-18T22:58:44.000+00,51.387486,-2.711743,FAL,SDVN,SDVN-54291,134,inbound,2025-02-18,2378458
2025-02-18T22:58:53.000+00,2025-02-18T22:59:04.000+00,51.38748,-2.711719,FAL,SDVN,SDVN-54291,134,inbound,2025-02-18,2378460
2025-02-18T22:59:13.000+00,2025-02-18T22:59:24.000+00,51.387505,-2.71168,FAL,SDVN,SDVN-54291,134,inbound,2025-02-18,2378462
2025-02-18T22:59:33.000+00,2025-02-18T22:59:44.000+00,51.3875,-2.711667,FAL,SDVN,SDVN-54291,134,inbound,2025-02-18,2378464
2025-02-18T22:59:53.000+00,2025-02-18T23:00:04.000+00,51.38747,-2.711659,FAL,SDVN,SDVN-54291,134,inbound,2025-02-18,2378466
2025-02-18T23:00:13.000+00,2025-02-18T23:00:24.000+00,51.387463,-2.711674,FAL,SDVN,SDVN-54291,134,inbound,2025-02-18,2378468
2025-02-18T23:00:33.000+00,2025-02-18T23:00:44.000+00,51.387478,-2.71167,FAL,SDVN,SDVN-54291,134,inbound,2025-02-18,2378470
2025-02-18T23:00:53.000+00,2025-02-18T23:01:04.000+00,51.387486,-2.711676,FAL,SDVN,SDVN-54291,134,inbound,2025-02-18,2378472
2025-02-18T23:01:13.000+00,2025-02-18T23:01:24.000+00,51.387505,-2.71169,FAL,SDVN,SDVN-54291,134,inbound,2025-02-18,2378474
2025-02-18T23:01:33.000+00,2025-02-18T23:01:44.000+00,51.38752,-2.711659,FAL,SDVN,SDVN-54291,134,inbound,2025-02-18,2378476
2025-02-18T23:01:53.000+00,2025-02-18T23:02:04.000+00,51.3875,-2.711622,FAL,SDVN,SDVN-54291,134,inbound,2025-02-18,2378478
2025-02-18T23:02:14.000+00,2025-02-18T23:02:24.000+00,51.38753,-2.711642,FAL,SDVN,SDVN-54291,134,inbound,2025-02-18,2378480
2025-02-18T23:02:34.000+00,2025-02-18T23:02:44.000+00,51.387535,-2.711641,FAL,SDVN,SDVN-54291,134,inbound,2025-02-18,2378482
2025-02-18T23:02:54.000+00,2025-02-18T23:03:04.000+00,51.387505,-2.711623,FAL,SDVN,SDVN-54291,134,inbound,2025-02-18,2378484
2025-02-18T23:03:14.000+00,2025-02-18T23:03:24.000+00,51.387474,-2.711599,FAL,SDVN,SDVN-54291,134,inbound,2025-02-18,2378486
2025-02-18T23:03:34.000+00,2025-02-18T23:03:44.000+00,51.387478,-2.711639,FAL,SDVN,SDVN-54291,134,inbound,2025-02-18,2378488
2025-02-18T23:03:54.000+00,2025-02-18T23:04:04.000+00,51.387444,-2.711695,FAL,SDVN,SDVN-54291,134,inbound,2025-02-18,2378490
2025-02-18T23:04:14.000+00,2025-02-18T23:04:24.000+00,51.38744,-2.711709,FAL,SDVN,SDVN-54291,134,inbound,2025-02-18,2378492
2025-02-18T23:04:35.000+00,2025-02-18T23:04:44.000+00,51.387447,-2.71172,FAL,SDVN,SDVN-54291,134,inbound,2025-02-18,2378494
2025-02-18T23:04:55.000+00,2025-02-18T23:05:04.000+00,51.387466,-2.711761,FAL,SDVN,SDVN-54291,134,inbound,2025-02-18,2378496
2025-02-18T23:05:15.000+00,2025-02-18T23:05:24.000+00,51.387486,-2.711785,FAL,SDVN,SDVN-54291,134,inbound,2025-02-18,2378498
2025-02-18T23:05:35.000+00,2025-02-18T23:05:44.000+00,51.38749,-2.711777,FAL,SDVN,SDVN-54291,134,inbound,2025-02-18,2378500
2025-02-18T23:05:55.000+00,2025-02-18T23:06:04.000+00,51.387493,-2.71176,FAL,SDVN,SDVN-54291,134,inbound,2025-02-18,2378502
2025-02-18T23:06:15.000+00,2025-02-18T23:06:24.000+00,51.387493,-2.711739,FAL,SDVN,SDVN-54291,134,inbound,2025-02-18,2378504
2025-02-18T23:06:35.000+00,2025-02-18T23:06:44.000+00,51.387516,-2.711698,FAL,SDVN,SDVN-54291,134,inbound,2025-02-18,2378506
2025-02-18T23:06:55.000+00,2025-02-18T23:07:04.000+00,51.38754,-2.711708,FAL,SDVN,SDVN-54291,134,inbound,2025-02-18,2378508
2025-02-18T23:07:15.000+00,2025-02-18T23:07:24.000+00,51.38751,-2.711697,FAL,SDVN,SDVN-54291,134,inbound,2025-02-18,2378510
2025-02-18T23:07:35.000+00,2025-02-18T23:07:44.000+00,51.38747,-2.711707,FAL,SDVN,SDVN-54291,134,inbound,2025-02-18,2378512
2025-02-18T23:07:56.000+00,2025-02-18T23:08:04.000+00,51.387447,-2.711727,FAL,SDVN,SDVN-54291,134,inbound,2025-02-18,2378514
2025-02-18T23:08:16.000+00,2025-02-18T23:08:24.000+00,51.387436,-2.711908,FAL,SDVN,SDVN-54291,134,inbound,2025-02-18,2378516
2025-02-18T23:08:36.000+00,2025-02-18T23:08:44.000+00,51.38742,-2.71218,FAL,SDVN,SDVN-54291,134,inbound,2025-02-18,2378518
2025-02-18T23:08:56.000+00,2025-02-18T23:09:04.000+00,51.387554,-2.713051,FAL,SDVN,SDVN-54291,134,inbound,2025-02-18,2378520
2025-02-18T23:09:16.000+00,2025-02-18T23:09:24.000+00,51.387722,-2.714492,FAL,SDVN,SDVN-54291,134,inbound,2025-02-18,2378522
2025-02-18T23:09:36.000+00,2025-02-18T23:09:54.000+00,51.387703,-2.714815,FAL,SDVN,SDVN-54291,134,inbound,2025-02-18,2378525
2025-02-18T23:09:56.000+00,2025-02-18T23:10:04.000+00,51.388523,-2.714892,FAL,SDVN,SDVN-54291,134,inbound,2025-02-18,2378526
2025-02-18T23:10:16.000+00,2025-02-18T23:10:34.000+00,51.38918,-2.713658,FAL,SDVN,SDVN-54291,134,inbound,2025-02-18,2378529
2025-02-18T23:10:37.000+00,2025-02-18T23:10:44.000+00,51.388714,-2.711139,FAL,SDVN,SDVN-54291,134,inbound,2025-02-18,2378530
2025-02-18T23:10:57.000+00,2025-02-18T23:11:04.000+00,51.388226,-2.708829,FAL,SDVN,SDVN-54291,134,inbound,2025-02-18,2378532
2025-02-18T23:11:17.000+00,2025-02-18T23:11:24.000+00,51.38729,-2.706954,FAL,SDVN,SDVN-54291,134,inbound,2025-02-18,2378534
2025-02-18T23:11:37.000+00,2025-02-18T23:11:54.000+00,51.38656,-2.704523,FAL,SDVN,SDVN-54291,134,inbound,2025-02-18,2378537
2025-02-18T23:11:57.000+00,2025-02-18T23:12:14.000+00,51.38595,-2.702802,FAL,SDVN,SDVN-54291,134,inbound,2025-02-18,2378539
2025-02-18T23:12:17.000+00,2025-02-18T23:12:34.000+00,51.38568,-2.701975,FAL,SDVN,SDVN-54291,134,inbound,2025-02-18,2378541
2025-02-18T23:12:37.000+00,2025-02-18T23:12:44.000+00,51.385468,-2.701229,FAL,SDVN,SDVN-54291,134,inbound,2025-02-18,2378542
2025-02-18T23:12:57.000+00,2025-02-18T23:13:14.000+00,51.383083,-2.700217,FAL,SDVN,SDVN-54291,134,inbound,2025-02-18,2378545
2025-02-18T23:13:18.000+00,2025-02-18T23:13:34.000+00,51.37987,-2.703048,FAL,SDVN,SDVN-54291,134,inbound,2025-02-18,2378547
2025-02-18T23:13:38.000+00,2025-02-18T23:13:54.000+00,51.379017,-2.706574,FAL,SDVN,SDVN-54291,134,inbound,2025-02-18,2378549
2025-02-18T23:17:00.000+00,2025-02-18T23:17:54.000+00,51.36164,-2.724427,FAL,SDVN,SDVN-54291,134,inbound,2025-02-18,2378573
2025-02-18T23:18:00.000+00,2025-02-18T23:18:14.000+00,51.355423,-2.739631,FAL,SDVN,SDVN-54291,134,inbound,2025-02-18,2378575
2025-02-18T23:18:20.000+00,2025-02-18T23:18:34.000+00,51.35392,-2.745287,FAL,SDVN,SDVN-54291,134,inbound,2025-02-18,2378577
2025-02-18T23:18:40.000+00,2025-02-18T23:18:54.000+00,51.3504,-2.747935,FAL,SDVN,SDVN-54291,134,inbound,2025-02-18,2378579
2025-02-18T23:19:01.000+00,2025-02-18T23:19:14.000+00,51.34674,-2.7504,FAL,SDVN,SDVN-54291,134,inbound,2025-02-18,2378581
2025-02-18T23:19:21.000+00,2025-02-18T23:19:34.000+00,51.34439,-2.753738,FAL,SDVN,SDVN-54291,134,inbound,2025-02-18,2378583
2025-02-18T23:19:41.000+00,2025-02-18T23:19:54.000+00,51.341934,-2.756915,FAL,SDVN,SDVN-54291,134,inbound,2025-02-18,2378585
2025-02-18T23:20:01.000+00,2025-02-18T23:20:14.000+00,51.34058,-2.761611,FAL,SDVN,SDVN-54291,134,inbound,2025-02-18,2378587
2025-02-18T23:22:22.000+00,2025-02-18T23:22:54.000+00,51.334785,-2.793418,FAL,SDVN,SDVN-54291,134,inbound,2025-02-18,2378603
2025-02-18T23:22:43.000+00,2025-02-18T23:23:04.000+00,51.332443,-2.794417,FAL,SDVN,SDVN-54291,134,inbound,2025-02-18,2378604
2025-02-18T23:23:03.000+00,2025-02-18T23:23:14.000+00,51.32973,-2.796185,FAL,SDVN,SDVN-54291,134,inbound,2025-02-18,2378605
2025-02-18T23:27:26.000+00,2025-02-18T23:30:14.000+00,51.303764,-2.827859,FAL,SDVN,SDVN-54291,134,inbound,2025-02-18,2378647
2025-02-18T23:30:08.000+00,2025-02-18T23:30:24.000+00,51.282528,-2.8459,FAL,SDVN,SDVN-54291,134,inbound,2025-02-18,2378648
2025-02-18T23:30:28.000+00,2025-02-18T23:30:44.000+00,51.28054,-2.849549,FAL,SDVN,SDVN-54291,134,inbound,2025-02-18,2378650
2025-02-18T23:30:49.000+00,2025-02-18T23:31:05.000+00,51.279163,-2.852653,FAL,SDVN,SDVN-54291,134,inbound,2025-02-18,2378652
2025-02-18T23:31:09.000+00,2025-02-18T23:31:25.000+00,51.278152,-2.856099,FAL,SDVN,SDVN-54291,134,inbound,2025-02-18,2378654
2025-02-18T23:31:29.000+00,2025-02-18T23:31:45.000+00,51.277164,-2.859641,FAL,SDVN,SDVN-54291,134,inbound,2025-02-18,2378656
2025-02-18T23:31:49.000+00,2025-02-18T23:32:05.000+00,51.27641,-2.865031,FAL,SDVN,SDVN-54291,134,inbound,2025-02-18,2378658
2025-02-18T23:32:09.000+00,2025-02-18T23:32:25.000+00,51.27545,-2.87134,FAL,SDVN,SDVN-54291,134,inbound,2025-02-18,2378660
2025-02-18T23:36:53.000+00,2025-02-18T23:38:45.000+00,51.26433,-2.914096,FAL,SDVN,SDVN-54291,134,inbound,2025-02-18,2378698
2025-02-18T23:38:34.000+00,2025-02-18T23:38:55.000+00,51.2559,-2.933233,FAL,SDVN,SDVN-54291,134,inbound,2025-02-18,2378699
2025-02-18T23:43:38.000+00,2025-02-18T23:43:55.000+00,51.21599,-2.961271,FAL,SDVN,SDVN-54291,134,inbound,2025-02-18,2378729
2025-02-18T23:43:58.000+00,2025-02-18T23:44:15.000+00,51.211315,-2.963754,FAL,SDVN,SDVN-54291,134,inbound,2025-02-18,2378731
2025-02-18T23:47:40.000+00,2025-02-18T23:51:05.000+00,51.15789,-2.981461,FAL,SDVN,SDVN-54291,134,inbound,2025-02-18,2378772
2025-02-18T23:51:03.000+00,2025-02-18T23:51:15.000+00,51.111923,-2.982601,FAL,SDVN,SDVN-54291,134,inbound,2025-02-18,2378773
2025-02-18T23:55:05.000+00,2025-02-18T23:57:35.000+00,51.09846,-2.997654,FAL,SDVN,SDVN-54291,134,inbound,2025-02-18,2378811
2025-02-18T23:57:27.000+00,2025-02-18T23:57:45.000+00,51.06631,-3.017446,FAL,SDVN,SDVN-54291,134,inbound,2025-02-18,2378812
2025-02-18T23:57:47.000+00,2025-02-18T23:57:55.000+00,51.06171,-3.020261,FAL,SDVN,SDVN-54291,134,inbound,2025-02-18,2378813
2025-02-18T23:58:07.000+00,2025-02-18T23:58:25.000+00,51.05708,-3.022959,FAL,SDVN,SDVN-54291,134,inbound,2025-02-18,2378816
2025-02-18T23:58:48.000+00,2025-02-18T23:58:55.000+00,51.047726,-3.029039,FAL,SDVN,SDVN-54291,134,inbound,2025-02-18,2378819
2025-02-18T23:59:08.000+00,2025-02-18T23:59:15.000+00,51.043304,-3.032602,FAL,SDVN,SDVN-54291,134,inbound,2025-02-18,2378821
2025-02-18T23:59:28.000+00,2025-02-18T23:59:45.000+00,51.039215,-3.036922,FAL,SDVN,SDVN-54291,134,inbound,2025-02-18,2378824
2025-02-19T00:00:08.000+00,2025-02-19T00:00:25.000+00,51.03154,-3.046779,FAL,SDVN,SDVN-54291,134,inbound,2025-02-19,2378828
2025-02-19T00:00:28.000+00,2025-02-19T00:00:45.000+00,51.02768,-3.051648,FAL,SDVN,SDVN-54291,134,inbound,2025-02-19,2378830
2025-02-19T00:00:48.000+00,2025-02-19T00:01:05.000+00,51.023853,-3.056558,FAL,SDVN,SDVN-54291,134,inbound,2025-02-19,2378832
2025-02-19T00:01:09.000+00,2025-02-19T00:01:35.000+00,51.020046,-3.061051,FAL,SDVN,SDVN-54291,134,inbound,2025-02-19,2378835
2025-02-19T00:01:29.000+00,2025-02-19T00:01:55.000+00,51.018223,-3.062463,FAL,SDVN,SDVN-54291,134,inbound,2025-02-19,2378837
2025-02-19T00:01:49.000+00,2025-02-19T00:02:05.000+00,51.018185,-3.062499,FAL,SDVN,SDVN-54291,134,inbound,2025-02-19,2378838
2025-02-19T00:05:11.000+00,2025-02-19T00:06:26.000+00,51.017147,-3.06297,FAL,SDVN,SDVN-54291,134,inbound,2025-02-19,2378864
2025-02-19T00:06:12.000+00,2025-02-19T00:06:36.000+00,51.00679,-3.071208,FAL,SDVN,SDVN-54291,134,inbound,2025-02-19,2378865
2025-02-19T00:06:32.000+00,2025-02-19T00:06:46.000+00,51.002678,-3.07547,FAL,SDVN,SDVN-54291,134,inbound,2025-02-19,2378866
2025-02-19T00:06:52.000+00,2025-02-19T00:07:06.000+00,50.99925,-3.081016,FAL,SDVN,SDVN-54291,134,inbound,2025-02-19,2378868
2025-02-19T00:07:12.000+00,2025-02-19T00:07:26.000+00,50.99618,-3.087121,FAL,SDVN,SDVN-54291,134,inbound,2025-02-19,2378870
2025-02-19T00:07:32.000+00,2025-02-19T00:07:46.000+00,50.9931,-3.093234,FAL,SDVN,SDVN-54291,134,inbound,2025-02-19,2378872
2025-02-19T00:07:52.000+00,2025-02-19T00:08:06.000+00,50.989983,-3.099301,FAL,SDVN,SDVN-54291,134,inbound,2025-02-19,2378874
2025-02-19T00:08:12.000+00,2025-02-19T00:08:26.000+00,50.986866,-3.105328,FAL,SDVN,SDVN-54291,134,inbound,2025-02-19,2378876
2025-02-19T00:08:32.000+00,2025-02-19T00:08:46.000+00,50.98364,-3.111736,FAL,SDVN,SDVN-54291,134,inbound,2025-02-19,2378878
2025-02-19T00:10:13.000+00,2025-02-19T00:10:26.000+00,50.976444,-3.148896,FAL,SDVN,SDVN-54291,134,inbound,2025-02-19,2378888
2025-02-19T00:10:33.000+00,2025-02-19T00:10:46.000+00,50.975204,-3.156454,FAL,SDVN,SDVN-54291,134,inbound,2025-02-19,2378890
2025-02-19T00:10:53.000+00,2025-02-19T00:11:16.000+00,50.97423,-3.164129,FAL,SDVN,SDVN-54291,134,inbound,2025-02-19,2378893
2025-02-19T00:16:37.000+00,2025-02-19T00:22:26.000+00,50.984875,-3.221852,FAL,SDVN,SDVN-54291,134,inbound,2025-02-19,2378960
2025-02-19T00:22:22.000+00,2025-02-19T00:22:36.000+00,50.961727,-3.221959,FAL,SDVN,SDVN-54291,134,inbound,2025-02-19,2378961
2025-02-19T00:22:42.000+00,2025-02-19T00:22:56.000+00,50.95987,-3.229191,FAL,SDVN,SDVN-54291,134,inbound,2025-02-19,2378963
2025-02-19T00:23:02.000+00,2025-02-19T00:23:16.000+00,50.958473,-3.236642,FAL,SDVN,SDVN-54291,134,inbound,2025-02-19,2378965
2025-02-19T00:23:22.000+00,2025-02-19T00:23:36.000+00,50.957188,-3.244173,FAL,SDVN,SDVN-54291,134,inbound,2025-02-19,2378967
2025-02-19T00:23:42.000+00,2025-02-19T00:23:56.000+00,50.955803,-3.251653,FAL,SDVN,SDVN-54291,134,inbound,2025-02-19,2378969
2025-02-19T00:24:02.000+00,2025-02-19T00:24:16.000+00,50.954124,-3.258996,FAL,SDVN,SDVN-54291,134,inbound,2025-02-19,2378971
2025-02-19T00:24:23.000+00,2025-02-19T00:24:36.000+00,50.952065,-3.266068,FAL,SDVN,SDVN-54291,134,inbound,2025-02-19,2378973
2025-02-19T00:24:43.000+00,2025-02-19T00:24:56.000+00,50.94961,-3.272839,FAL,SDVN,SDVN-54291,134,inbound,2025-02-19,2378975
2025-02-19T00:25:03.000+00,2025-02-19T00:25:16.000+00,50.94689,-3.279267,FAL,SDVN,SDVN-54291,134,inbound,2025-02-19,2378977
2025-02-19T00:25:23.000+00,2025-02-19T00:25:36.000+00,50.94394,-3.285467,FAL,SDVN,SDVN-54291,134,inbound,2025-02-19,2378979
2025-02-19T00:25:43.000+00,2025-02-19T00:25:56.000+00,50.941,-3.29186,FAL,SDVN,SDVN-54291,134,inbound,2025-02-19,2378981
2025-02-19T00:26:03.000+00,2025-02-19T00:26:16.000+00,50.93874,-3.298795,FAL,SDVN,SDVN-54291,134,inbound,2025-02-19,2378983
2025-02-19T00:26:23.000+00,2025-02-19T00:26:36.000+00,50.937237,-3.306038,FAL,SDVN,SDVN-54291,134,inbound,2025-02-19,2378985
2025-02-19T00:26:43.000+00,2025-02-19T00:26:56.000+00,50.936104,-3.312563,FAL,SDVN,SDVN-54291,134,inbound,2025-02-19,2378987
2025-02-19T00:27:03.000+00,2025-02-19T00:27:16.000+00,50.934944,-3.318263,FAL,SDVN,SDVN-54291,134,inbound,2025-02-19,2378989
2025-02-19T00:27:23.000+00,2025-02-19T00:27:36.000+00,50.933582,-3.323597,FAL,SDVN,SDVN-54291,134,inbound,2025-02-19,2378991
2025-02-19T00:28:24.000+00,2025-02-19T00:28:46.000+00,50.927784,-3.339868,FAL,SDVN,SDVN-54291,134,inbound,2025-02-19,2378998
2025-02-19T00:28:44.000+00,2025-02-19T00:28:56.000+00,50.925446,-3.344579,FAL,SDVN,SDVN-54291,134,inbound,2025-02-19,2378999
2025-02-19T00:29:04.000+00,2025-02-19T00:29:16.000+00,50.922756,-3.349226,FAL,SDVN,SDVN-54291,134,inbound,2025-02-19,2379001
2025-02-19T00:29:24.000+00,2025-02-19T00:29:36.000+00,50.91998,-3.353368,FAL,SDVN,SDVN-54291,134,inbound,2025-02-19,2379003
2025-02-19T00:30:04.000+00,2025-02-19T00:30:16.000+00,50.913742,-3.360872,FAL,SDVN,SDVN-54291,134,inbound,2025-02-19,2379007
2025-02-19T00:30:25.000+00,2025-02-19T00:30:36.000+00,50.910465,-3.363991,FAL,SDVN,SDVN-54291,134,inbound,2025-02-19,2379009
2025-02-19T00:30:45.000+00,2025-02-19T00:30:56.000+00,50.907066,-3.366733,FAL,SDVN,SDVN-54291,134,inbound,2025-02-19,2379011
2025-02-19T00:31:05.000+00,2025-02-19T00:31:16.000+00,50.903393,-3.369288,FAL,SDVN,SDVN-54291,134,inbound,2025-02-19,2379013
2025-02-19T00:31:25.000+00,2025-02-19T00:31:36.000+00,50.89951,-3.371873,FAL,SDVN,SDVN-54291,134,inbound,2025-02-19,2379015
2025-02-19T00:32:25.000+00,2025-02-19T00:32:36.000+00,50.888485,-3.378285,FAL,SDVN,SDVN-54291,134,inbound,2025-02-19,2379021
2025-02-19T00:33:46.000+00,2025-02-19T00:33:56.000+00,50.87341,-3.381851,FAL,SDVN,SDVN-54291,134,inbound,2025-02-19,2379029
2025-02-19T00:34:06.000+00,2025-02-19T00:34:16.000+00,50.86946,-3.382429,FAL,SDVN,SDVN-54291,134,inbound,2025-02-19,2379031
2025-02-19T00:34:26.000+00,2025-02-19T00:34:36.000+00,50.86558,-3.382922,FAL,SDVN,SDVN-54291,134,inbound,2025-02-19,2379033
2025-02-19T00:34:46.000+00,2025-02-19T00:34:56.000+00,50.861782,-3.383122,FAL,SDVN,SDVN-54291,134,inbound,2025-02-19,2379035
2025-02-19T00:35:06.000+00,2025-02-19T00:35:16.000+00,50.860847,-3.383381,FAL,SDVN,SDVN-54291,134,inbound,2025-02-19,2379037
2025-02-19T00:35:26.000+00,2025-02-19T00:35:36.000+00,50.8609,-3.384885,FAL,SDVN,SDVN-54291,134,inbound,2025-02-19,2379039
2025-02-19T00:35:46.000+00,2025-02-19T00:35:56.000+00,50.860718,-3.387469,FAL,SDVN,SDVN-54291,134,inbound,2025-02-19,2379041
2025-02-19T00:36:06.000+00,2025-02-19T00:36:16.000+00,50.860744,-3.387225,FAL,SDVN,SDVN-54291,134,inbound,2025-02-19,2379043
2025-02-19T00:36:26.000+00,2025-02-19T00:36:36.000+00,50.860794,-3.386718,FAL,SDVN,SDVN-54291,134,inbound,2025-02-19,2379045
2025-02-19T00:36:46.000+00,2025-02-19T00:36:56.000+00,50.86089,-3.385361,FAL,SDVN,SDVN-54291,134,inbound,2025-02-19,2379047
2025-02-19T00:37:06.000+00,2025-02-19T00:37:16.000+00,50.860874,-3.383872,FAL,SDVN,SDVN-54291,134,inbound,2025-02-19,2379049
2025-02-19T00:37:27.000+00,2025-02-19T00:37:36.000+00,50.860615,-3.383163,FAL,SDVN,SDVN-54291,134,inbound,2025-02-19,2379051
2025-02-19T00:37:47.000+00,2025-02-19T00:37:56.000+00,50.858406,-3.383727,FAL,SDVN,SDVN-54291,134,inbound,2025-02-19,2379053
2025-02-19T00:38:07.000+00,2025-02-19T00:38:16.000+00,50.854088,-3.384358,FAL,SDVN,SDVN-54291,134,inbound,2025-02-19,2379055
2025-02-19T00:38:27.000+00,2025-02-19T00:38:36.000+00,50.84953,-3.386267,FAL,SDVN,SDVN-54291,134,inbound,2025-02-19,2379057
2025-02-19T00:38:47.000+00,2025-02-19T00:38:56.000+00,50.845177,-3.389127,FAL,SDVN,SDVN-54291,134,inbound,2025-02-19,2379059
2025-02-19T00:39:27.000+00,2025-02-19T00:39:36.000+00,50.836258,-3.393068,FAL,SDVN,SDVN-54291,134,inbound,2025-02-19,2379063
2025-02-19T00:39:47.000+00,2025-02-19T00:39:57.000+00,50.832417,-3.397453,FAL,SDVN,SDVN-54291,134,inbound,2025-02-19,2379065
2025-02-19T00:40:28.000+00,2025-02-19T00:40:36.000+00,50.823883,-3.404615,FAL,SDVN,SDVN-54291,134,inbound,2025-02-19,2379069
2025-02-19T00:41:08.000+00,2025-02-19T00:41:17.000+00,50.8166,-3.414052,FAL,SDVN,SDVN-54291,134,inbound,2025-02-19,2379073
2025-02-19T00:42:28.000+00,2025-02-19T00:42:47.000+00,50.803616,-3.435607,FAL,SDVN,SDVN-54291,134,inbound,2025-02-19,2379082
2025-02-19T00:42:48.000+00,2025-02-19T00:43:07.000+00,50.800053,-3.440558,FAL,SDVN,SDVN-54291,134,inbound,2025-02-19,2379084
2025-02-19T00:44:49.000+00,2025-02-19T00:45:07.000+00,50.77401,-3.458375,FAL,SDVN,SDVN-54291,134,inbound,2025-02-19,2379096
2025-02-19T00:45:09.000+00,2025-02-19T00:45:27.000+00,50.7694,-3.459772,FAL,SDVN,SDVN-54291,134,inbound,2025-02-19,2379098
2025-02-19T00:45:29.000+00,2025-02-19T00:45:47.000+00,50.764725,-3.458987,FAL,SDVN,SDVN-54291,134,inbound,2025-02-19,2379100
2025-02-19T00:45:50.000+00,2025-02-19T00:46:07.000+00,50.760105,-3.457401,FAL,SDVN,SDVN-54291,134,inbound,2025-02-19,2379102
2025-02-19T00:46:10.000+00,2025-02-19T00:46:27.000+00,50.75545,-3.456164,FAL,SDVN,SDVN-54291,134,inbound,2025-02-19,2379104
2025-02-19T00:46:30.000+00,2025-02-19T00:46:47.000+00,50.750473,-3.456012,FAL,SDVN,SDVN-54291,134,inbound,2025-02-19,2379106
2025-02-19T00:47:30.000+00,2025-02-19T00:47:57.000+00,50.736732,-3.461218,FAL,SDVN,SDVN-54291,134,inbound,2025-02-19,2379113
2025-02-19T00:47:50.000+00,2025-02-19T00:48:07.000+00,50.732132,-3.462038,FAL,SDVN,SDVN-54291,134,inbound,2025-02-19,2379114
2025-02-19T00:48:10.000+00,2025-02-19T00:48:27.000+00,50.729286,-3.461814,FAL,SDVN,SDVN-54291,134,inbound,2025-02-19,2379116
2025-02-19T00:48:30.000+00,2025-02-19T00:48:47.000+00,50.728596,-3.463682,FAL,SDVN,SDVN-54291,134,inbound,2025-02-19,2379118
2025-02-19T00:48:51.000+00,2025-02-19T00:49:07.000+00,50.727386,-3.467319,FAL,SDVN,SDVN-54291,134,inbound,2025-02-19,2379120
2025-02-19T00:49:11.000+00,2025-02-19T00:49:27.000+00,50.726116,-3.469311,FAL,SDVN,SDVN-54291,134,inbound,2025-02-19,2379122
2025-02-19T00:49:31.000+00,2025-02-19T00:49:47.000+00,50.725594,-3.470495,FAL,SDVN,SDVN-54291,134,inbound,2025-02-19,2379124
2025-02-19T00:49:51.000+00,2025-02-19T00:50:07.000+00,50.725483,-3.470682,FAL,SDVN,SDVN-54291,134,inbound,2025-02-19,2379126
2025-02-19T00:50:11.000+00,2025-02-19T00:50:27.000+00,50.72552,-3.470706,FAL,SDVN,SDVN-54291,134,inbound,2025-02-19,2379128
2025-02-19T00:50:32.000+00,2025-02-19T00:50:47.000+00,50.725502,-3.470701,FAL,SDVN,SDVN-54291,134,inbound,2025-02-19,2379130
2025-02-19T00:50:52.000+00,2025-02-19T00:51:07.000+00,50.72547,-3.470683,FAL,SDVN,SDVN-54291,134,inbound,2025-02-19,2379132
2025-02-19T00:51:12.000+00,2025-02-19T00:51:27.000+00,50.725464,-3.470662,FAL,SDVN,SDVN-54291,134,inbound,2025-02-19,2379134
2025-02-19T00:51:32.000+00,2025-02-19T00:51:47.000+00,50.72547,-3.470643,FAL,SDVN,SDVN-54291,134,inbound,2025-02-19,2379136
2025-02-19T00:51:52.000+00,2025-02-19T00:52:07.000+00,50.725468,-3.470632,FAL,SDVN,SDVN-54291,134,inbound,2025-02-19,2379138
2025-02-19T00:52:12.000+00,2025-02-19T00:52:27.000+00,50.72546,-3.470639,FAL,SDVN,SDVN-54291,134,inbound,2025-02-19,2379140
2025-02-19T00:52:32.000+00,2025-02-19T00:52:47.000+00,50.725452,-3.470647,FAL,SDVN,SDVN-54291,134,inbound,2025-02-19,2379142
2025-02-19T00:52:52.000+00,2025-02-19T00:53:07.000+00,50.725468,-3.470652,FAL,SDVN,SDVN-54291,134,inbound,2025-02-19,2379144
2025-02-19T00:53:13.000+00,2025-02-19T00:53:27.000+00,50.725487,-3.470654,FAL,SDVN,SDVN-54291,134,inbound,2025-02-19,2379146
2025-02-19T00:53:33.000+00,2025-02-19T00:53:47.000+00,50.72548,-3.470675,FAL,SDVN,SDVN-54291,134,inbound,2025-02-19,2379148
2025-02-19T00:53:53.000+00,2025-02-19T00:54:07.000+00,50.725464,-3.470686,FAL,SDVN,SDVN-54291,134,inbound,2025-02-19,2379150
2025-02-19T00:54:13.000+00,2025-02-19T00:54:27.000+00,50.725464,-3.470658,FAL,SDVN,SDVN-54291,134,inbound,2025-02-19,2379152
2025-02-19T00:54:33.000+00,2025-02-19T00:54:47.000+00,50.72546,-3.470657,FAL,SDVN,SDVN-54291,134,inbound,2025-02-19,2379154
2025-02-19T00:54:53.000+00,2025-02-19T00:55:07.000+00,50.72545,-3.470675,FAL,SDVN,SDVN-54291,134,inbound,2025-02-19,2379156
2025-02-19T00:55:13.000+00,2025-02-19T00:55:27.000+00,50.725353,-3.4709,FAL,SDVN,SDVN-54291,134,inbound,2025-02-19,2379158
2025-02-19T00:55:33.000+00,2025-02-19T00:55:47.000+00,50.725464,-3.471179,FAL,SDVN,SDVN-54291,134,inbound,2025-02-19,2379160
2025-02-19T00:55:53.000+00,2025-02-19T00:56:07.000+00,50.726067,-3.470304,FAL,SDVN,SDVN-54291,134,inbound,2025-02-19,2379162
2025-02-19T00:56:14.000+00,2025-02-19T00:56:27.000+00,50.727325,-3.468095,FAL,SDVN,SDVN-54291,134,inbound,2025-02-19,2379164
2025-02-19T00:56:34.000+00,2025-02-19T00:56:47.000+00,50.728558,-3.464955,FAL,SDVN,SDVN-54291,134,inbound,2025-02-19,2379166
2025-02-19T00:56:54.000+00,2025-02-19T00:57:07.000+00,50.729137,-3.461712,FAL,SDVN,SDVN-54291,134,inbound,2025-02-19,2379168
2025-02-19T00:57:14.000+00,2025-02-19T00:57:27.000+00,50.72973,-3.459744,FAL,SDVN,SDVN-54291,134,inbound,2025-02-19,2379170
2025-02-19T00:57:34.000+00,2025-02-19T00:57:47.000+00,50.729244,-3.4596,FAL,SDVN,SDVN-54291,134,inbound,2025-02-19,2379172
2025-02-19T00:57:54.000+00,2025-02-19T00:58:07.000+00,50.72849,-3.461618,FAL,SDVN,SDVN-54291,134,inbound,2025-02-19,2379174
2025-02-19T00:58:14.000+00,2025-02-19T00:58:27.000+00,50.724995,-3.462112,FAL,SDVN,SDVN-54291,134,inbound,2025-02-19,2379176
2025-02-19T00:58:34.000+00,2025-02-19T00:58:47.000+00,50.720306,-3.462079,FAL,SDVN,SDVN-54291,134,inbound,2025-02-19,2379178
2025-02-19T00:58:54.000+00,2025-02-19T00:59:07.000+00,50.715607,-3.462318,FAL,SDVN,SDVN-54291,134,inbound,2025-02-19,2379180
2025-02-19T00:59:15.000+00,2025-02-19T00:59:27.000+00,50.711067,-3.464422,FAL,SDVN,SDVN-54291,134,inbound,2025-02-19,2379182
2025-02-19T00:59:35.000+00,2025-02-19T00:59:47.000+00,50.70648,-3.467456,FAL,SDVN,SDVN-54291,134,inbound,2025-02-19,2379184
2025-02-19T00:59:55.000+00,2025-02-19T01:00:07.000+00,50.70196,-3.469642,FAL,SDVN,SDVN-54291,134,inbound,2025-02-19,2379186
2025-02-19T01:00:15.000+00,2025-02-19T01:00:27.000+00,50.69749,-3.472083,FAL,SDVN,SDVN-54291,134,inbound,2025-02-19,2379188
2025-02-19T01:00:35.000+00,2025-02-19T01:00:47.000+00,50.6933,-3.475528,FAL,SDVN,SDVN-54291,134,inbound,2025-02-19,2379190
2025-02-19T01:00:55.000+00,2025-02-19T01:01:07.000+00,50.689564,-3.480143,FAL,SDVN,SDVN-54291,134,inbound,2025-02-19,2379192
2025-02-19T01:01:15.000+00,2025-02-19T01:01:27.000+00,50.686607,-3.486016,FAL,SDVN,SDVN-54291,134,inbound,2025-02-19,2379194
2025-02-19T01:01:35.000+00,2025-02-19T01:01:47.000+00,50.68517,-3.492954,FAL,SDVN,SDVN-54291,134,inbound,2025-02-19,2379196
2025-02-19T01:01:55.000+00,2025-02-19T01:02:07.000+00,50.68571,-3.50033,FAL,SDVN,SDVN-54291,134,inbound,2025-02-19,2379198
2025-02-19T01:02:15.000+00,2025-02-19T01:02:27.000+00,50.68479,-3.507521,FAL,SDVN,SDVN-54291,134,inbound,2025-02-19,2379200
2025-02-19T01:02:35.000+00,2025-02-19T01:02:47.000+00,50.681572,-3.513458,FAL,SDVN,SDVN-54291,134,inbound,2025-02-19,2379202
2025-02-19T01:02:56.000+00,2025-02-19T01:03:07.000+00,50.678776,-3.519452,FAL,SDVN,SDVN-54291,134,inbound,2025-02-19,2379204
2025-02-19T01:03:16.000+00,2025-02-19T01:03:27.000+00,50.67705,-3.526328,FAL,SDVN,SDVN-54291,134,inbound,2025-02-19,2379206
2025-02-19T01:03:36.000+00,2025-02-19T01:03:47.000+00,50.6747,-3.532696,FAL,SDVN,SDVN-54291,134,inbound,2025-02-19,2379208
2025-02-19T01:03:56.000+00,2025-02-19T01:04:07.000+00,50.670948,-3.537291,FAL,SDVN,SDVN-54291,134,inbound,2025-02-19,2379210
2025-02-19T01:04:56.000+00,2025-02-19T01:05:07.000+00,50.657204,-3.539846,FAL,SDVN,SDVN-54291,134,inbound,2025-02-19,2379216
2025-02-19T01:06:37.000+00,2025-02-19T01:06:57.000+00,50.64417,-3.559017,FAL,SDVN,SDVN-54291,134,inbound,2025-02-19,2379227
2025-02-19T01:06:57.000+00,2025-02-19T01:07:07.000+00,50.640617,-3.561996,FAL,SDVN,SDVN-54291,134,inbound,2025-02-19,2379228
2025-02-19T01:07:17.000+00,2025-02-19T01:07:47.000+00,50.636032,-3.564308,FAL,SDVN,SDVN-54291,134,inbound,2025-02-19,2379232
2025-02-19T01:07:37.000+00,2025-02-19T01:07:57.000+00,50.63156,-3.566945,FAL,SDVN,SDVN-54291,134,inbound,2025-02-19,2379233
2025-02-19T01:08:17.000+00,2025-02-19T01:08:27.000+00,50.627167,-3.580183,FAL,SDVN,SDVN-54291,134,inbound,2025-02-19,2379236
2025-02-19T01:08:38.000+00,2025-02-19T01:08:57.000+00,50.622475,-3.58191,FAL,SDVN,SDVN-54291,134,inbound,2025-02-19,2379239
2025-02-19T01:08:58.000+00,2025-02-19T01:09:07.000+00,50.618893,-3.586479,FAL,SDVN,SDVN-54291,134,inbound,2025-02-19,2379240
2025-02-19T01:09:18.000+00,2025-02-19T01:09:27.000+00,50.616188,-3.592457,FAL,SDVN,SDVN-54291,134,inbound,2025-02-19,2379242
2025-02-19T01:09:38.000+00,2025-02-19T01:09:47.000+00,50.61291,-3.597962,FAL,SDVN,SDVN-54291,134,inbound,2025-02-19,2379244
2025-02-19T01:09:58.000+00,2025-02-19T01:10:07.000+00,50.608852,-3.601831,FAL,SDVN,SDVN-54291,134,inbound,2025-02-19,2379246
2025-02-19T01:10:18.000+00,2025-02-19T01:10:27.000+00,50.605762,-3.607081,FAL,SDVN,SDVN-54291,134,inbound,2025-02-19,2379248
2025-02-19T01:11:19.000+00,2025-02-19T01:11:47.000+00,50.59446,-3.613854,FAL,SDVN,SDVN-54291,134,inbound,2025-02-19,2379256
2025-02-19T01:11:39.000+00,2025-02-19T01:11:57.000+00,50.590218,-3.61515,FAL,SDVN,SDVN-54291,134,inbound,2025-02-19,2379257
2025-02-19T01:11:59.000+00,2025-02-19T01:12:07.000+00,50.586678,-3.620278,FAL,SDVN,SDVN-54291,134,inbound,2025-02-19,2379258
2025-02-19T01:12:19.000+00,2025-02-19T01:12:37.000+00,50.583603,-3.626221,FAL,SDVN,SDVN-54291,134,inbound,2025-02-19,2379261
2025-02-19T01:12:59.000+00,2025-02-19T01:13:17.000+00,50.578392,-3.638477,FAL,SDVN,SDVN-54291,134,inbound,2025-02-19,2379265
2025-02-19T01:13:19.000+00,2025-02-19T01:13:37.000+00,50.574585,-3.642924,FAL,SDVN,SDVN-54291,134,inbound,2025-02-19,2379267
2025-02-19T01:13:39.000+00,2025-02-19T01:13:57.000+00,50.57066,-3.646806,FAL,SDVN,SDVN-54291,134,inbound,2025-02-19,2379269
2025-02-19T01:14:00.000+00,2025-02-19T01:14:17.000+00,50.567158,-3.651157,FAL,SDVN,SDVN-54291,134,inbound,2025-02-19,2379271
2025-02-19T01:14:20.000+00,2025-02-19T01:14:37.000+00,50.565025,-3.653281,FAL,SDVN,SDVN-54291,134,inbound,2025-02-19,2379273
2025-02-19T01:14:40.000+00,2025-02-19T01:14:57.000+00,50.564617,-3.653577,FAL,SDVN,SDVN-54291,134,inbound,2025-02-19,2379275
2025-02-19T01:17:22.000+00,2025-02-19T01:19:18.000+00,50.545177,-3.690962,FAL,SDVN,SDVN-54291,134,inbound,2025-02-19,2379301
2025-02-19T01:19:03.000+00,2025-02-19T01:19:28.000+00,50.53195,-3.720957,FAL,SDVN,SDVN-54291,134,inbound,2025-02-19,2379302
2025-02-19T01:22:45.000+00,2025-02-19T01:23:08.000+00,50.493114,-3.765726,FAL,SDVN,SDVN-54291,134,inbound,2025-02-19,2379324
2025-02-19T01:23:05.000+00,2025-02-19T01:23:18.000+00,50.488518,-3.768392,FAL,SDVN,SDVN-54291,134,inbound,2025-02-19,2379325
2025-02-19T01:23:26.000+00,2025-02-19T01:23:38.000+00,50.483925,-3.769568,FAL,SDVN,SDVN-54291,134,inbound,2025-02-19,2379327
2025-02-19T01:23:46.000+00,2025-02-19T01:23:58.000+00,50.480125,-3.773417,FAL,SDVN,SDVN-54291,134,inbound,2025-02-19,2379329
2025-02-19T01:24:06.000+00,2025-02-19T01:24:18.000+00,50.478397,-3.78019,FAL,SDVN,SDVN-54291,134,inbound,2025-02-19,2379331
2025-02-19T01:26:47.000+00,2025-02-19T01:28:38.000+00,50.443474,-3.796215,FAL,SDVN,SDVN-54291,134,inbound,2025-02-19,2379357
2025-02-19T01:28:29.000+00,2025-02-19T01:28:48.000+00,50.433155,-3.802907,FAL,SDVN,SDVN-54291,134,inbound,2025-02-19,2379358
2025-02-19T01:28:49.000+00,2025-02-19T01:28:58.000+00,50.43346,-3.803274,FAL,SDVN,SDVN-54291,134,inbound,2025-02-19,2379359
2025-02-19T01:29:09.000+00,2025-02-19T01:29:28.000+00,50.432266,-3.800977,FAL,SDVN,SDVN-54291,134,inbound,2025-02-19,2379362
2025-02-19T01:29:29.000+00,2025-02-19T01:29:38.000+00,50.431973,-3.80054,FAL,SDVN,SDVN-54291,134,inbound,2025-02-19,2379363
2025-02-19T01:29:49.000+00,2025-02-19T01:29:58.000+00,50.431927,-3.80053,FAL,SDVN,SDVN-54291,134,inbound,2025-02-19,2379365
2025-02-19T01:30:09.000+00,2025-02-19T01:30:18.000+00,50.43192,-3.800481,FAL,SDVN,SDVN-54291,134,inbound,2025-02-19,2379367
2025-02-19T01:30:30.000+00,2025-02-19T01:30:38.000+00,50.43141,-3.800053,FAL,SDVN,SDVN-54291,134,inbound,2025-02-19,2379369
2025-02-19T01:31:10.000+00,2025-02-19T01:31:28.000+00,50.428143,-3.806546,FAL,SDVN,SDVN-54291,134,inbound,2025-02-19,2379374
2025-02-19T01:32:30.000+00,2025-02-19T01:32:48.000+00,50.418682,-3.831792,FAL,SDVN,SDVN-54291,134,inbound,2025-02-19,2379382
2025-02-19T01:32:50.000+00,2025-02-19T01:33:08.000+00,50.416866,-3.838754,FAL,SDVN,SDVN-54291,134,inbound,2025-02-19,2379384
2025-02-19T01:34:31.000+00,2025-02-19T01:34:58.000+00,50.399666,-3.862098,FAL,SDVN,SDVN-54291,134,inbound,2025-02-19,2379395
2025-02-19T01:34:51.000+00,2025-02-19T01:35:08.000+00,50.396828,-3.868192,FAL,SDVN,SDVN-54291,134,inbound,2025-02-19,2379396
2025-02-19T01:35:11.000+00,2025-02-19T01:35:28.000+00,50.39415,-3.874426,FAL,SDVN,SDVN-54291,134,inbound,2025-02-19,2379398
2025-02-19T01:35:31.000+00,2025-02-19T01:35:38.000+00,50.392178,-3.881287,FAL,SDVN,SDVN-54291,134,inbound,2025-02-19,2379399
2025-02-19T01:35:52.000+00,2025-02-19T01:36:08.000+00,50.39011,-3.888262,FAL,SDVN,SDVN-54291,134,inbound,2025-02-19,2379402
2025-02-19T01:36:52.000+00,2025-02-19T01:37:08.000+00,50.384254,-3.908055,FAL,SDVN,SDVN-54291,134,inbound,2025-02-19,2379408
2025-02-19T01:37:12.000+00,2025-02-19T01:37:28.000+00,50.384396,-3.915371,FAL,SDVN,SDVN-54291,134,inbound,2025-02-19,2379410
2025-02-19T01:37:32.000+00,2025-02-19T01:37:48.000+00,50.385303,-3.922556,FAL,SDVN,SDVN-54291,134,inbound,2025-02-19,2379412
2025-02-19T01:38:12.000+00,2025-02-19T01:38:38.000+00,50.38661,-3.937012,FAL,SDVN,SDVN-54291,134,inbound,2025-02-19,2379417
2025-02-19T01:38:33.000+00,2025-02-19T01:38:48.000+00,50.385914,-3.944234,FAL,SDVN,SDVN-54291,134,inbound,2025-02-19,2379418
2025-02-19T01:38:53.000+00,2025-02-19T01:39:08.000+00,50.385,-3.95174,FAL,SDVN,SDVN-54291,134,inbound,2025-02-19,2379420
2025-02-19T01:39:13.000+00,2025-02-19T01:39:28.000+00,50.38498,-3.959602,FAL,SDVN,SDVN-54291,134,inbound,2025-02-19,2379422
2025-02-19T01:39:33.000+00,2025-02-19T01:39:48.000+00,50.384407,-3.966211,FAL,SDVN,SDVN-54291,134,inbound,2025-02-19,2379424
2025-02-19T01:44:16.000+00,2025-02-19T01:44:28.000+00,50.376453,-4.050865,FAL,SDVN,SDVN-54291,134,inbound,2025-02-19,2379452
2025-02-19T01:44:36.000+00,2025-02-19T01:44:48.000+00,50.37637,-4.058202,FAL,SDVN,SDVN-54291,134,inbound,2025-02-19,2379454
2025-02-19T01:44:56.000+00,2025-02-19T01:45:08.000+00,50.377155,-4.065394,FAL,SDVN,SDVN-54291,134,inbound,2025-02-19,2379456
2025-02-19T01:45:16.000+00,2025-02-19T01:45:28.000+00,50.379257,-4.071935,FAL,SDVN,SDVN-54291,134,inbound,2025-02-19,2379458
2025-02-19T01:45:36.000+00,2025-02-19T01:45:48.000+00,50.382603,-4.077363,FAL,SDVN,SDVN-54291,134,inbound,2025-02-19,2379460
2025-02-19T01:45:57.000+00,2025-02-19T01:46:08.000+00,50.386673,-4.081527,FAL,SDVN,SDVN-54291,134,inbound,2025-02-19,2379462
2025-02-19T01:46:17.000+00,2025-02-19T01:46:28.000+00,50.390156,-4.085219,FAL,SDVN,SDVN-54291,134,inbound,2025-02-19,2379464
2025-02-19T01:46:57.000+00,2025-02-19T01:47:18.000+00,50.390347,-4.088016,FAL,SDVN,SDVN-54291,134,inbound,2025-02-19,2379469
2025-02-19T01:47:17.000+00,2025-02-19T01:47:38.000+00,50.38773,-4.089125,FAL,SDVN,SDVN-54291,134,inbound,2025-02-19,2379471
2025-02-19T01:47:37.000+00,2025-02-19T01:47:48.000+00,50.385677,-4.092776,FAL,SDVN,SDVN-54291,134,inbound,2025-02-19,2379472
2025-02-19T01:47:57.000+00,2025-02-19T01:48:08.000+00,50.38488,-4.097732,FAL,SDVN,SDVN-54291,134,inbound,2025-02-19,2379474
2025-02-19T01:48:17.000+00,2025-02-19T01:48:28.000+00,50.382957,-4.101298,FAL,SDVN,SDVN-54291,134,inbound,2025-02-19,2379476
2025-02-19T01:48:38.000+00,2025-02-19T01:48:48.000+00,50.38006,-4.104383,FAL,SDVN,SDVN-54291,134,inbound,2025-02-19,2379478
2025-02-19T01:48:58.000+00,2025-02-19T01:49:08.000+00,50.377445,-4.107174,FAL,SDVN,SDVN-54291,134,inbound,2025-02-19,2379480
2025-02-19T01:49:18.000+00,2025-02-19T01:49:28.000+00,50.374996,-4.110063,FAL,SDVN,SDVN-54291,134,inbound,2025-02-19,2379482
2025-02-19T01:49:38.000+00,2025-02-19T01:49:48.000+00,50.372864,-4.112438,FAL,SDVN,SDVN-54291,134,inbound,2025-02-19,2379484
2025-02-19T01:49:58.000+00,2025-02-19T01:50:08.000+00,50.372368,-4.113182,FAL,SDVN,SDVN-54291,134,inbound,2025-02-19,2379486
2025-02-19T01:50:18.000+00,2025-02-19T01:50:28.000+00,50.371548,-4.113685,FAL,SDVN,SDVN-54291,134,inbound,2025-02-19,2379488
2025-02-19T01:50:38.000+00,2025-02-19T01:50:48.000+00,50.370773,-4.113966,FAL,SDVN,SDVN-54291,134,inbound,2025-02-19,2379490
2025-02-19T01:50:58.000+00,2025-02-19T01:51:08.000+00,50.371006,-4.116276,FAL,SDVN,SDVN-54291,134,inbound,2025-02-19,2379492
2025-02-19T01:51:18.000+00,2025-02-19T01:51:28.000+00,50.371002,-4.11869,FAL,SDVN,SDVN-54291,134,inbound,2025-02-19,2379494
2025-02-19T01:51:38.000+00,2025-02-19T01:51:48.000+00,50.370594,-4.121013,FAL,SDVN,SDVN-54291,134,inbound,2025-02-19,2379496
2025-02-19T01:51:58.000+00,2025-02-19T01:52:08.000+00,50.37014,-4.12367,FAL,SDVN,SDVN-54291,134,inbound,2025-02-19,2379498
2025-02-19T01:52:19.000+00,2025-02-19T01:52:28.000+00,50.370167,-4.126581,FAL,SDVN,SDVN-54291,134,inbound,2025-02-19,2379500
2025-02-19T01:52:39.000+00,2025-02-19T01:52:48.000+00,50.370697,-4.130009,FAL,SDVN,SDVN-54291,134,inbound,2025-02-19,2379502
2025-02-19T01:52:59.000+00,2025-02-19T01:53:09.000+00,50.371464,-4.133104,FAL,SDVN,SDVN-54291,134,inbound,2025-02-19,2379504
2025-02-19T01:53:19.000+00,2025-02-19T01:53:29.000+00,50.371613,-4.135213,FAL,SDVN,SDVN-54291,134,inbound,2025-02-19,2379506
2025-02-19T01:53:39.000+00,2025-02-19T01:53:49.000+00,50.37162,-4.135237,FAL,SDVN,SDVN-54291,134,inbound,2025-02-19,2379508
2025-02-19T01:53:59.000+00,2025-02-19T01:54:09.000+00,50.37153,-4.136144,FAL,SDVN,SDVN-54291,134,inbound,2025-02-19,2379510
2025-02-19T01:54:19.000+00,2025-02-19T01:54:29.000+00,50.371548,-4.136162,FAL,SDVN,SDVN-54291,134,inbound,2025-02-19,2379512
2025-02-19T01:54:39.000+00,2025-02-19T01:54:49.000+00,50.372272,-4.136811,FAL,SDVN,SDVN-54291,134,inbound,2025-02-19,2379514
2025-02-19T01:54:59.000+00,2025-02-19T01:55:09.000+00,50.37342,-4.138654,FAL,SDVN,SDVN-54291,134,inbound,2025-02-19,2379516
2025-02-19T01:55:19.000+00,2025-02-19T01:55:29.000+00,50.37369,-4.13984,FAL,SDVN,SDVN-54291,134,inbound,2025-02-19,2379518
2025-02-19T01:55:40.000+00,2025-02-19T01:55:59.000+00,50.374954,-4.142069,FAL,SDVN,SDVN-54291,134,inbound,2025-02-19,2379521
2025-02-19T01:56:00.000+00,2025-02-19T01:56:09.000+00,50.37447,-4.143636,FAL,SDVN,SDVN-54291,134,inbound,2025-02-19,2379522
2025-02-19T01:56:20.000+00,2025-02-19T01:56:39.000+00,50.373363,-4.144902,FAL,SDVN,SDVN-54291,134,inbound,2025-02-19,2379525
2025-02-19T01:56:40.000+00,2025-02-19T01:56:49.000+00,50.37311,-4.1441,FAL,SDVN,SDVN-54291,134,inbound,2025-02-19,2379526
2025-02-19T01:57:00.000+00,2025-02-19T01:57:19.000+00,50.372765,-4.143735,FAL,SDVN,SDVN-54291,134,inbound,2025-02-19,2379529
2025-02-19T01:57:20.000+00,2025-02-19T01:57:39.000+00,50.37273,-4.143359,FAL,SDVN,SDVN-54291,134,inbound,2025-02-19,2379531
2025-02-19T01:57:40.000+00,2025-02-19T01:57:59.000+00,50.372723,-4.143335,FAL,SDVN,SDVN-54291,134,inbound,2025-02-19,2379533
2025-02-19T01:58:01.000+00,2025-02-19T01:58:19.000+00,50.37271,-4.143341,FAL,SDVN,SDVN-54291,134,inbound,2025-02-19,2379535
2025-02-19T01:58:21.000+00,2025-02-19T01:58:39.000+00,50.37274,-4.143362,FAL,SDVN,SDVN-54291,134,inbound,2025-02-19,2379537
2025-02-19T01:58:41.000+00,2025-02-19T01:58:49.000+00,50.372746,-4.143333,FAL,SDVN,SDVN-54291,134,inbound,2025-02-19,2379538
2025-02-19T01:59:01.000+00,2025-02-19T01:59:19.000+00,50.37274,-4.143299,FAL,SDVN,SDVN-54291,134,inbound,2025-02-19,2379541
2025-02-19T01:59:21.000+00,2025-02-19T01:59:39.000+00,50.37276,-4.143332,FAL,SDVN,SDVN-54291,134,inbound,2025-02-19,2379543
2025-02-19T01:59:41.000+00,2025-02-19T01:59:59.000+00,50.372765,-4.143308,FAL,SDVN,SDVN-54291,134,inbound,2025-02-19,2379545
2025-02-19T02:00:01.000+00,2025-02-19T02:00:19.000+00,50.37277,-4.143248,FAL,SDVN,SDVN-54291,134,inbound,2025-02-19,2379547
2025-02-19T02:00:21.000+00,2025-02-19T02:00:39.000+00,50.37275,-4.143239,FAL,SDVN,SDVN-54291,134,inbound,2025-02-19,2379549
2025-02-19T02:00:41.000+00,2025-02-19T02:00:59.000+00,50.37272,-4.14326,FAL,SDVN,SDVN-54291,134,inbound,2025-02-19,2379551
2025-02-19T02:01:01.000+00,2025-02-19T02:01:19.000+00,50.372726,-4.143288,FAL,SDVN,SDVN-54291,134,inbound,2025-02-19,2379553
2025-02-19T02:01:21.000+00,2025-02-19T02:01:39.000+00,50.37273,-4.143299,FAL,SDVN,SDVN-54291,134,inbound,2025-02-19,2379555
2025-02-19T02:01:42.000+00,2025-02-19T02:01:59.000+00,50.372726,-4.143315,FAL,SDVN,SDVN-54291,134,inbound,2025-02-19,2379557
2025-02-19T02:02:02.000+00,2025-02-19T02:02:19.000+00,50.37271,-4.143355,FAL,SDVN,SDVN-54291,134,inbound,2025-02-19,2379559
2025-02-19T02:02:22.000+00,2025-02-19T02:02:39.000+00,50.372692,-4.143407,FAL,SDVN,SDVN-54291,134,inbound,2025-02-19,2379561
2025-02-19T02:02:42.000+00,2025-02-19T02:02:59.000+00,50.37268,-4.14343,FAL,SDVN,SDVN-54291,134,inbound,2025-02-19,2379563
2025-02-19T02:03:02.000+00,2025-02-19T02:03:19.000+00,50.37268,-4.143432,FAL,SDVN,SDVN-54291,134,inbound,2025-02-19,2379565
2025-02-19T02:03:23.000+00,2025-02-19T02:03:39.000+00,50.372696,-4.143418,FAL,SDVN,SDVN-54291,134,inbound,2025-02-19,2379567
2025-02-19T02:03:43.000+00,2025-02-19T02:03:59.000+00,50.372677,-4.143398,FAL,SDVN,SDVN-54291,134,inbound,2025-02-19,2379569
2025-02-19T02:04:03.000+00,2025-02-19T02:04:19.000+00,50.372673,-4.143419,FAL,SDVN,SDVN-54291,134,inbound,2025-02-19,2379571
2025-02-19T02:04:23.000+00,2025-02-19T02:04:39.000+00,50.37267,-4.143413,FAL,SDVN,SDVN-54291,134,inbound,2025-02-19,2379573
2025-02-19T02:04:43.000+00,2025-02-19T02:04:59.000+00,50.372654,-4.143367,FAL,SDVN,SDVN-54291,134,inbound,2025-02-19,2379575
2025-02-19T02:05:03.000+00,2025-02-19T02:05:19.000+00,50.37266,-4.143363,FAL,SDVN,SDVN-54291,134,inbound,2025-02-19,2379577
