siri_vm_positions_id,operator_ref,line_name,journey_ref,direction_ref,date_of_journey,latitude,longitude,vehicle_ref,batch_id,recorded_at_time,response_time_stamp,load_time_stamp,group_id,origin_ref,destination_ref,departure_time
25202489278,SCEM,9,27,inbound,2024-11-06,53.226883,-0.537629,SCEM-37201,1477255,2024-11-06 12:02:17.000000 +00:00,2024-11-06 12:02:27.000000 +00:00,2024-11-06 12:02:45.467821 +00:00,scem|9|27|2024-11-06,270002700240,270002700240,2024-11-06 12:05:00.000000 +00:00
25202540503,SCEM,9,27,inbound,2024-11-06,53.226944,-0.537632,SCEM-37201,1477257,2024-11-06 12:02:38.000000 +00:00,2024-11-06 12:02:47.000000 +00:00,2024-11-06 12:03:05.466059 +00:00,scem|9|27|2024-11-06,270002700240,270002700240,2024-11-06 12:05:00.000000 +00:00
25202591624,SCEM,9,27,inbound,2024-11-06,53.226948,-0.537625,SCEM-37201,1477259,2024-11-06 12:02:58.000000 +00:00,2024-11-06 12:03:07.000000 +00:00,2024-11-06 12:03:25.477966 +00:00,scem|9|27|2024-11-06,270002700240,270002700240,2024-11-06 12:05:00.000000 +00:00
25202642795,SCEM,9,27,inbound,2024-11-06,53.22695,-0.537636,SCEM-37201,1477261,2024-11-06 12:03:18.000000 +00:00,2024-11-06 12:03:28.000000 +00:00,2024-11-06 12:03:44.990865 +00:00,scem|9|27|2024-11-06,270002700240,270002700240,2024-11-06 12:05:00.000000 +00:00
25202693997,SCEM,9,27,inbound,2024-11-06,53.226902,-0.537655,SCEM-37201,1477263,2024-11-06 12:03:38.000000 +00:00,2024-11-06 12:03:48.000000 +00:00,2024-11-06 12:04:05.744809 +00:00,scem|9|27|2024-11-06,270002700240,270002700240,2024-11-06 12:05:00.000000 +00:00
25202745147,SCEM,9,27,inbound,2024-11-06,53.22689,-0.537643,SCEM-37201,1477265,2024-11-06 12:03:58.000000 +00:00,2024-11-06 12:04:08.000000 +00:00,2024-11-06 12:04:25.361377 +00:00,scem|9|27|2024-11-06,270002700240,270002700240,2024-11-06 12:05:00.000000 +00:00
25202796322,SCEM,9,27,inbound,2024-11-06,53.226925,-0.537615,SCEM-37201,1477267,2024-11-06 12:04:19.000000 +00:00,2024-11-06 12:04:28.000000 +00:00,2024-11-06 12:04:45.757162 +00:00,scem|9|27|2024-11-06,270002700240,270002700240,2024-11-06 12:05:00.000000 +00:00
25202847550,SCEM,9,27,inbound,2024-11-06,53.226967,-0.537584,SCEM-37201,1477269,2024-11-06 12:04:39.000000 +00:00,2024-11-06 12:04:48.000000 +00:00,2024-11-06 12:05:06.428888 +00:00,scem|9|27|2024-11-06,270002700240,270002700240,2024-11-06 12:05:00.000000 +00:00
25202898686,SCEM,9,27,inbound,2024-11-06,53.22684,-0.537587,SCEM-37201,1477271,2024-11-06 12:05:00.000000 +00:00,2024-11-06 12:05:08.000000 +00:00,2024-11-06 12:05:25.804049 +00:00,scem|9|27|2024-11-06,270002700240,270002700240,2024-11-06 12:05:00.000000 +00:00
25202949870,SCEM,9,27,inbound,2024-11-06,53.226807,-0.537568,SCEM-37201,1477273,2024-11-06 12:05:20.000000 +00:00,2024-11-06 12:05:28.000000 +00:00,2024-11-06 12:05:45.966177 +00:00,scem|9|27|2024-11-06,270002700240,270002700240,2024-11-06 12:05:00.000000 +00:00
25203001049,SCEM,9,27,inbound,2024-11-06,53.22678,-0.537528,SCEM-37201,1477275,2024-11-06 12:05:40.000000 +00:00,2024-11-06 12:05:48.000000 +00:00,2024-11-06 12:06:06.101605 +00:00,scem|9|27|2024-11-06,270002700240,270002700240,2024-11-06 12:05:00.000000 +00:00
25203052230,SCEM,9,27,inbound,2024-11-06,53.226772,-0.537511,SCEM-37201,1477277,2024-11-06 12:06:00.000000 +00:00,2024-11-06 12:06:08.000000 +00:00,2024-11-06 12:06:25.928230 +00:00,scem|9|27|2024-11-06,270002700240,270002700240,2024-11-06 12:05:00.000000 +00:00
25203103406,SCEM,9,27,inbound,2024-11-06,53.22677,-0.537499,SCEM-37201,1477279,2024-11-06 12:06:20.000000 +00:00,2024-11-06 12:06:28.000000 +00:00,2024-11-06 12:06:46.080900 +00:00,scem|9|27|2024-11-06,270002700240,270002700240,2024-11-06 12:05:00.000000 +00:00
25203154589,SCEM,9,27,inbound,2024-11-06,53.226757,-0.537503,SCEM-37201,1477281,2024-11-06 12:06:40.000000 +00:00,2024-11-06 12:06:48.000000 +00:00,2024-11-06 12:07:06.185732 +00:00,scem|9|27|2024-11-06,270002700240,270002700240,2024-11-06 12:05:00.000000 +00:00
25203205776,SCEM,9,27,inbound,2024-11-06,53.226692,-0.537503,SCEM-37201,1477283,2024-11-06 12:07:01.000000 +00:00,2024-11-06 12:07:08.000000 +00:00,2024-11-06 12:07:25.228585 +00:00,scem|9|27|2024-11-06,270002700240,270002700240,2024-11-06 12:05:00.000000 +00:00
25203282557,SCEM,9,27,inbound,2024-11-06,53.22667,-0.537571,SCEM-37201,1477286,2024-11-06 12:07:21.000000 +00:00,2024-11-06 12:07:38.000000 +00:00,2024-11-06 12:07:55.229160 +00:00,scem|9|27|2024-11-06,270002700240,270002700240,2024-11-06 12:05:00.000000 +00:00
25203308828,SCEM,9,27,inbound,2024-11-06,53.226723,-0.537453,SCEM-37201,1477287,2024-11-06 12:07:41.000000 +00:00,2024-11-06 12:07:48.000000 +00:00,2024-11-06 12:08:05.311192 +00:00,scem|9|27|2024-11-06,270002700240,270002700240,2024-11-06 12:05:00.000000 +00:00
25203384936,SCEM,9,27,inbound,2024-11-06,53.22613,-0.537035,SCEM-37201,1477290,2024-11-06 12:08:02.000000 +00:00,2024-11-06 12:08:18.000000 +00:00,2024-11-06 12:08:35.356891 +00:00,scem|9|27|2024-11-06,270002700240,270002700240,2024-11-06 12:05:00.000000 +00:00
25203436168,SCEM,9,27,inbound,2024-11-06,53.225975,-0.537139,SCEM-37201,1477292,2024-11-06 12:08:22.000000 +00:00,2024-11-06 12:08:38.000000 +00:00,2024-11-06 12:08:55.279461 +00:00,scem|9|27|2024-11-06,270002700240,270002700240,2024-11-06 12:05:00.000000 +00:00
25203461725,SCEM,9,27,inbound,2024-11-06,53.225624,-0.536604,SCEM-37201,1477293,2024-11-06 12:08:42.000000 +00:00,2024-11-06 12:08:48.000000 +00:00,2024-11-06 12:09:05.127374 +00:00,scem|9|27|2024-11-06,270002700240,270002700240,2024-11-06 12:05:00.000000 +00:00
25203538517,SCEM,9,27,inbound,2024-11-06,53.22671,-0.536184,SCEM-37201,1477296,2024-11-06 12:09:03.000000 +00:00,2024-11-06 12:09:18.000000 +00:00,2024-11-06 12:09:35.337860 +00:00,scem|9|27|2024-11-06,270002700240,270002700240,2024-11-06 12:05:00.000000 +00:00
25203564114,SCEM,9,27,inbound,2024-11-06,53.2257,-0.536555,SCEM-37201,1477297,2024-11-06 12:09:23.000000 +00:00,2024-11-06 12:09:28.000000 +00:00,2024-11-06 12:09:45.860718 +00:00,scem|9|27|2024-11-06,270002700240,270002700240,2024-11-06 12:05:00.000000 +00:00
25203640907,SCEM,9,27,inbound,2024-11-06,53.223457,-0.535346,SCEM-37201,1477300,2024-11-06 12:09:43.000000 +00:00,2024-11-06 12:09:58.000000 +00:00,2024-11-06 12:10:15.549700 +00:00,scem|9|27|2024-11-06,270002700240,270002700240,2024-11-06 12:05:00.000000 +00:00
25203692107,SCEM,9,27,inbound,2024-11-06,53.223373,-0.534364,SCEM-37201,1477302,2024-11-06 12:10:04.000000 +00:00,2024-11-06 12:10:18.000000 +00:00,2024-11-06 12:10:35.370590 +00:00,scem|9|27|2024-11-06,270002700240,270002700240,2024-11-06 12:05:00.000000 +00:00
25203743352,SCEM,9,27,inbound,2024-11-06,53.223995,-0.534767,SCEM-37201,1477304,2024-11-06 12:10:24.000000 +00:00,2024-11-06 12:10:38.000000 +00:00,2024-11-06 12:10:56.091287 +00:00,scem|9|27|2024-11-06,270002700240,270002700240,2024-11-06 12:05:00.000000 +00:00
25203794505,SCEM,9,27,inbound,2024-11-06,53.22445,-0.536767,SCEM-37201,1477306,2024-11-06 12:10:44.000000 +00:00,2024-11-06 12:10:58.000000 +00:00,2024-11-06 12:11:16.101788 +00:00,scem|9|27|2024-11-06,270002700240,270002700240,2024-11-06 12:05:00.000000 +00:00
25203845699,SCEM,9,27,inbound,2024-11-06,53.22486,-0.539366,SCEM-37201,1477308,2024-11-06 12:11:05.000000 +00:00,2024-11-06 12:11:18.000000 +00:00,2024-11-06 12:11:36.447063 +00:00,scem|9|27|2024-11-06,270002700240,270002700240,2024-11-06 12:05:00.000000 +00:00
25203896899,SCEM,9,27,inbound,2024-11-06,53.22511,-0.540362,SCEM-37201,1477310,2024-11-06 12:11:25.000000 +00:00,2024-11-06 12:11:38.000000 +00:00,2024-11-06 12:11:55.622556 +00:00,scem|9|27|2024-11-06,270002700240,270002700240,2024-11-06 12:05:00.000000 +00:00
25203948094,SCEM,9,27,inbound,2024-11-06,53.225365,-0.541526,SCEM-37201,1477312,2024-11-06 12:11:45.000000 +00:00,2024-11-06 12:11:58.000000 +00:00,2024-11-06 12:12:16.232515 +00:00,scem|9|27|2024-11-06,270002700240,270002700240,2024-11-06 12:05:00.000000 +00:00
25203999298,SCEM,9,27,inbound,2024-11-06,53.224937,-0.54272,SCEM-37201,1477314,2024-11-06 12:12:06.000000 +00:00,2024-11-06 12:12:18.000000 +00:00,2024-11-06 12:12:35.709859 +00:00,scem|9|27|2024-11-06,270002700240,270002700240,2024-11-06 12:05:00.000000 +00:00
25204050529,SCEM,9,27,inbound,2024-11-06,53.224316,-0.543047,SCEM-37201,1477316,2024-11-06 12:12:26.000000 +00:00,2024-11-06 12:12:38.000000 +00:00,2024-11-06 12:12:55.809085 +00:00,scem|9|27|2024-11-06,270002700240,270002700240,2024-11-06 12:05:00.000000 +00:00
25204101699,SCEM,9,27,inbound,2024-11-06,53.223732,-0.543339,SCEM-37201,1477318,2024-11-06 12:12:46.000000 +00:00,2024-11-06 12:12:58.000000 +00:00,2024-11-06 12:13:15.464725 +00:00,scem|9|27|2024-11-06,270002700240,270002700240,2024-11-06 12:05:00.000000 +00:00
25204152897,SCEM,9,27,inbound,2024-11-06,53.223534,-0.543436,SCEM-37201,1477320,2024-11-06 12:13:07.000000 +00:00,2024-11-06 12:13:18.000000 +00:00,2024-11-06 12:13:35.267116 +00:00,scem|9|27|2024-11-06,270002700240,270002700240,2024-11-06 12:05:00.000000 +00:00
25204204099,SCEM,9,27,inbound,2024-11-06,53.22258,-0.543944,SCEM-37201,1477322,2024-11-06 12:13:27.000000 +00:00,2024-11-06 12:13:38.000000 +00:00,2024-11-06 12:13:55.263085 +00:00,scem|9|27|2024-11-06,270002700240,270002700240,2024-11-06 12:05:00.000000 +00:00
25204255308,SCEM,9,27,inbound,2024-11-06,53.22089,-0.544527,SCEM-37201,1477324,2024-11-06 12:13:47.000000 +00:00,2024-11-06 12:13:58.000000 +00:00,2024-11-06 12:14:15.911881 +00:00,scem|9|27|2024-11-06,270002700240,270002700240,2024-11-06 12:05:00.000000 +00:00
25204306525,SCEM,9,27,inbound,2024-11-06,53.2203,-0.544674,SCEM-37201,1477326,2024-11-06 12:14:07.000000 +00:00,2024-11-06 12:14:18.000000 +00:00,2024-11-06 12:14:35.586592 +00:00,scem|9|27|2024-11-06,270002700240,270002700240,2024-11-06 12:05:00.000000 +00:00
25204357755,SCEM,9,27,inbound,2024-11-06,53.220264,-0.544671,SCEM-37201,1477328,2024-11-06 12:14:27.000000 +00:00,2024-11-06 12:14:38.000000 +00:00,2024-11-06 12:14:55.567069 +00:00,scem|9|27|2024-11-06,270002700240,270002700240,2024-11-06 12:05:00.000000 +00:00
25204408979,SCEM,9,27,inbound,2024-11-06,53.22004,-0.544787,SCEM-37201,1477330,2024-11-06 12:14:48.000000 +00:00,2024-11-06 12:14:58.000000 +00:00,2024-11-06 12:15:15.706924 +00:00,scem|9|27|2024-11-06,270002700240,270002700240,2024-11-06 12:05:00.000000 +00:00
25204460210,SCEM,9,27,inbound,2024-11-06,53.218815,-0.545194,SCEM-37201,1477332,2024-11-06 12:15:08.000000 +00:00,2024-11-06 12:15:18.000000 +00:00,2024-11-06 12:15:35.486427 +00:00,scem|9|27|2024-11-06,270002700240,270002700240,2024-11-06 12:05:00.000000 +00:00
25204511447,SCEM,9,27,inbound,2024-11-06,53.218964,-0.547623,SCEM-37201,1477334,2024-11-06 12:15:28.000000 +00:00,2024-11-06 12:15:38.000000 +00:00,2024-11-06 12:15:55.580930 +00:00,scem|9|27|2024-11-06,270002700240,270002700240,2024-11-06 12:05:00.000000 +00:00
25204562673,SCEM,9,27,inbound,2024-11-06,53.21921,-0.551149,SCEM-37201,1477336,2024-11-06 12:15:49.000000 +00:00,2024-11-06 12:15:58.000000 +00:00,2024-11-06 12:16:15.718402 +00:00,scem|9|27|2024-11-06,270002700240,270002700240,2024-11-06 12:05:00.000000 +00:00
25204613903,SCEM,9,27,inbound,2024-11-06,53.219177,-0.552971,SCEM-37201,1477338,2024-11-06 12:16:09.000000 +00:00,2024-11-06 12:16:18.000000 +00:00,2024-11-06 12:16:35.825703 +00:00,scem|9|27|2024-11-06,270002700240,270002700240,2024-11-06 12:05:00.000000 +00:00
25204665162,SCEM,9,27,inbound,2024-11-06,53.21917,-0.553102,SCEM-37201,1477340,2024-11-06 12:16:29.000000 +00:00,2024-11-06 12:16:38.000000 +00:00,2024-11-06 12:16:55.943844 +00:00,scem|9|27|2024-11-06,270002700240,270002700240,2024-11-06 12:05:00.000000 +00:00
25204716331,SCEM,9,27,inbound,2024-11-06,53.21872,-0.553669,SCEM-37201,1477342,2024-11-06 12:16:50.000000 +00:00,2024-11-06 12:16:58.000000 +00:00,2024-11-06 12:17:16.233036 +00:00,scem|9|27|2024-11-06,270002700240,270002700240,2024-11-06 12:05:00.000000 +00:00
25204767558,SCEM,9,27,inbound,2024-11-06,53.218204,-0.553943,SCEM-37201,1477344,2024-11-06 12:17:10.000000 +00:00,2024-11-06 12:17:18.000000 +00:00,2024-11-06 12:17:35.940822 +00:00,scem|9|27|2024-11-06,270002700240,270002700240,2024-11-06 12:05:00.000000 +00:00
25204818818,SCEM,9,27,inbound,2024-11-06,53.216076,-0.554986,SCEM-37201,1477346,2024-11-06 12:17:30.000000 +00:00,2024-11-06 12:17:38.000000 +00:00,2024-11-06 12:17:56.460511 +00:00,scem|9|27|2024-11-06,270002700240,270002700240,2024-11-06 12:05:00.000000 +00:00
25204895643,SCEM,9,27,inbound,2024-11-06,53.21501,-0.555481,SCEM-37201,1477349,2024-11-06 12:17:50.000000 +00:00,2024-11-06 12:18:08.000000 +00:00,2024-11-06 12:18:25.895951 +00:00,scem|9|27|2024-11-06,270002700240,270002700240,2024-11-06 12:05:00.000000 +00:00
25204921261,SCEM,9,27,inbound,2024-11-06,53.21401,-0.55625,SCEM-37201,1477350,2024-11-06 12:18:11.000000 +00:00,2024-11-06 12:18:18.000000 +00:00,2024-11-06 12:18:35.938913 +00:00,scem|9|27|2024-11-06,270002700240,270002700240,2024-11-06 12:05:00.000000 +00:00
25204972563,SCEM,9,27,inbound,2024-11-06,53.213787,-0.558115,SCEM-37201,1477352,2024-11-06 12:18:31.000000 +00:00,2024-11-06 12:18:38.000000 +00:00,2024-11-06 12:18:56.454874 +00:00,scem|9|27|2024-11-06,270002700240,270002700240,2024-11-06 12:05:00.000000 +00:00
25205049361,SCEM,9,27,inbound,2024-11-06,53.21304,-0.559895,SCEM-37201,1477355,2024-11-06 12:18:51.000000 +00:00,2024-11-06 12:19:08.000000 +00:00,2024-11-06 12:19:25.817974 +00:00,scem|9|27|2024-11-06,270002700240,270002700240,2024-11-06 12:05:00.000000 +00:00
25205074978,SCEM,9,27,inbound,2024-11-06,53.212288,-0.560605,SCEM-37201,1477356,2024-11-06 12:19:12.000000 +00:00,2024-11-06 12:19:18.000000 +00:00,2024-11-06 12:19:35.716048 +00:00,scem|9|27|2024-11-06,270002700240,270002700240,2024-11-06 12:05:00.000000 +00:00
25205126271,SCEM,9,27,inbound,2024-11-06,53.21089,-0.561922,SCEM-37201,1477358,2024-11-06 12:19:32.000000 +00:00,2024-11-06 12:19:38.000000 +00:00,2024-11-06 12:19:55.711411 +00:00,scem|9|27|2024-11-06,270002700240,270002700240,2024-11-06 12:05:00.000000 +00:00
25205203065,SCEM,9,27,inbound,2024-11-06,53.21004,-0.562842,SCEM-37201,1477361,2024-11-06 12:19:52.000000 +00:00,2024-11-06 12:20:08.000000 +00:00,2024-11-06 12:20:26.193599 +00:00,scem|9|27|2024-11-06,270002700240,270002700240,2024-11-06 12:05:00.000000 +00:00
25205254307,SCEM,9,27,inbound,2024-11-06,53.209576,-0.563702,SCEM-37201,1477363,2024-11-06 12:20:12.000000 +00:00,2024-11-06 12:20:28.000000 +00:00,2024-11-06 12:20:45.672832 +00:00,scem|9|27|2024-11-06,270002700240,270002700240,2024-11-06 12:05:00.000000 +00:00
25205280012,SCEM,9,27,inbound,2024-11-06,53.208145,-0.566112,SCEM-37201,1477364,2024-11-06 12:20:33.000000 +00:00,2024-11-06 12:20:38.000000 +00:00,2024-11-06 12:20:55.739475 +00:00,scem|9|27|2024-11-06,270002700240,270002700240,2024-11-06 12:05:00.000000 +00:00
25205356794,SCEM,9,27,inbound,2024-11-06,53.20753,-0.567769,SCEM-37201,1477367,2024-11-06 12:20:53.000000 +00:00,2024-11-06 12:21:08.000000 +00:00,2024-11-06 12:21:26.109058 +00:00,scem|9|27|2024-11-06,270002700240,270002700240,2024-11-06 12:05:00.000000 +00:00
25205408028,SCEM,9,27,inbound,2024-11-06,53.206696,-0.570577,SCEM-37201,1477369,2024-11-06 12:21:13.000000 +00:00,2024-11-06 12:21:28.000000 +00:00,2024-11-06 12:21:45.719186 +00:00,scem|9|27|2024-11-06,270002700240,270002700240,2024-11-06 12:05:00.000000 +00:00
25205459270,SCEM,9,27,inbound,2024-11-06,53.20646,-0.571373,SCEM-37201,1477371,2024-11-06 12:21:34.000000 +00:00,2024-11-06 12:21:48.000000 +00:00,2024-11-06 12:22:06.036408 +00:00,scem|9|27|2024-11-06,270002700240,270002700240,2024-11-06 12:05:00.000000 +00:00
25205510526,SCEM,9,27,inbound,2024-11-06,53.205753,-0.573758,SCEM-37201,1477373,2024-11-06 12:21:54.000000 +00:00,2024-11-06 12:22:08.000000 +00:00,2024-11-06 12:22:25.760013 +00:00,scem|9|27|2024-11-06,270002700240,270002700240,2024-11-06 12:05:00.000000 +00:00
25205561776,SCEM,9,27,inbound,2024-11-06,53.20503,-0.5749,SCEM-37201,1477375,2024-11-06 12:22:14.000000 +00:00,2024-11-06 12:22:28.000000 +00:00,2024-11-06 12:22:46.078221 +00:00,scem|9|27|2024-11-06,270002700240,270002700240,2024-11-06 12:05:00.000000 +00:00
25205613019,SCEM,9,27,inbound,2024-11-06,53.20353,-0.573635,SCEM-37201,1477377,2024-11-06 12:22:34.000000 +00:00,2024-11-06 12:22:48.000000 +00:00,2024-11-06 12:23:06.522702 +00:00,scem|9|27|2024-11-06,270002700240,270002700240,2024-11-06 12:05:00.000000 +00:00
25205664278,SCEM,9,27,inbound,2024-11-06,53.20326,-0.572484,SCEM-37201,1477379,2024-11-06 12:22:55.000000 +00:00,2024-11-06 12:23:08.000000 +00:00,2024-11-06 12:23:26.127167 +00:00,scem|9|27|2024-11-06,270002700240,270002700240,2024-11-06 12:05:00.000000 +00:00
25205715533,SCEM,9,27,inbound,2024-11-06,53.203224,-0.572399,SCEM-37201,1477381,2024-11-06 12:23:15.000000 +00:00,2024-11-06 12:23:28.000000 +00:00,2024-11-06 12:23:46.033446 +00:00,scem|9|27|2024-11-06,270002700240,270002700240,2024-11-06 12:05:00.000000 +00:00
25205766796,SCEM,9,27,inbound,2024-11-06,53.202892,-0.571091,SCEM-37201,1477383,2024-11-06 12:23:35.000000 +00:00,2024-11-06 12:23:48.000000 +00:00,2024-11-06 12:24:06.732298 +00:00,scem|9|27|2024-11-06,270002700240,270002700240,2024-11-06 12:05:00.000000 +00:00
25205818094,SCEM,9,27,inbound,2024-11-06,53.20218,-0.569024,SCEM-37201,1477385,2024-11-06 12:23:56.000000 +00:00,2024-11-06 12:24:08.000000 +00:00,2024-11-06 12:24:25.715022 +00:00,scem|9|27|2024-11-06,270002700240,270002700240,2024-11-06 12:05:00.000000 +00:00
25205869305,SCEM,9,27,inbound,2024-11-06,53.2014,-0.566813,SCEM-37201,1477387,2024-11-06 12:24:16.000000 +00:00,2024-11-06 12:24:28.000000 +00:00,2024-11-06 12:24:46.515463 +00:00,scem|9|27|2024-11-06,270002700240,270002700240,2024-11-06 12:05:00.000000 +00:00
25205920547,SCEM,9,27,inbound,2024-11-06,53.200768,-0.566037,SCEM-37201,1477389,2024-11-06 12:24:36.000000 +00:00,2024-11-06 12:24:48.000000 +00:00,2024-11-06 12:25:05.742653 +00:00,scem|9|27|2024-11-06,270002700240,270002700240,2024-11-06 12:05:00.000000 +00:00
25205971902,SCEM,9,27,inbound,2024-11-06,53.20055,-0.566441,SCEM-37201,1477391,2024-11-06 12:24:56.000000 +00:00,2024-11-06 12:25:08.000000 +00:00,2024-11-06 12:25:25.923404 +00:00,scem|9|27|2024-11-06,270002700240,270002700240,2024-11-06 12:05:00.000000 +00:00
25206023058,SCEM,9,27,inbound,2024-11-06,53.2003,-0.567282,SCEM-37201,1477393,2024-11-06 12:25:17.000000 +00:00,2024-11-06 12:25:28.000000 +00:00,2024-11-06 12:25:45.848897 +00:00,scem|9|27|2024-11-06,270002700240,270002700240,2024-11-06 12:05:00.000000 +00:00
25206074316,SCEM,9,27,inbound,2024-11-06,53.19914,-0.57001,SCEM-37201,1477395,2024-11-06 12:25:37.000000 +00:00,2024-11-06 12:25:48.000000 +00:00,2024-11-06 12:26:06.486110 +00:00,scem|9|27|2024-11-06,270002700240,270002700240,2024-11-06 12:05:00.000000 +00:00
25206125576,SCEM,9,27,inbound,2024-11-06,53.199017,-0.573026,SCEM-37201,1477397,2024-11-06 12:25:57.000000 +00:00,2024-11-06 12:26:08.000000 +00:00,2024-11-06 12:26:26.164050 +00:00,scem|9|27|2024-11-06,270002700240,270002700240,2024-11-06 12:05:00.000000 +00:00
25206176839,SCEM,9,27,inbound,2024-11-06,53.199043,-0.573569,SCEM-37201,1477399,2024-11-06 12:26:17.000000 +00:00,2024-11-06 12:26:28.000000 +00:00,2024-11-06 12:26:46.929664 +00:00,scem|9|27|2024-11-06,270002700240,270002700240,2024-11-06 12:05:00.000000 +00:00
25206228103,SCEM,9,27,inbound,2024-11-06,53.199177,-0.576923,SCEM-37201,1477401,2024-11-06 12:26:37.000000 +00:00,2024-11-06 12:26:48.000000 +00:00,2024-11-06 12:27:06.244379 +00:00,scem|9|27|2024-11-06,270002700240,270002700240,2024-11-06 12:05:00.000000 +00:00
25206279393,SCEM,9,27,inbound,2024-11-06,53.199352,-0.580516,SCEM-37201,1477403,2024-11-06 12:26:58.000000 +00:00,2024-11-06 12:27:08.000000 +00:00,2024-11-06 12:27:26.743400 +00:00,scem|9|27|2024-11-06,270002700240,270002700240,2024-11-06 12:05:00.000000 +00:00
25206330634,SCEM,9,27,inbound,2024-11-06,53.20014,-0.583425,SCEM-37201,1477405,2024-11-06 12:27:18.000000 +00:00,2024-11-06 12:27:28.000000 +00:00,2024-11-06 12:27:46.229521 +00:00,scem|9|27|2024-11-06,270002700240,270002700240,2024-11-06 12:05:00.000000 +00:00
25206381903,SCEM,9,27,inbound,2024-11-06,53.200687,-0.585635,SCEM-37201,1477407,2024-11-06 12:27:38.000000 +00:00,2024-11-06 12:27:48.000000 +00:00,2024-11-06 12:28:05.913791 +00:00,scem|9|27|2024-11-06,270002700240,270002700240,2024-11-06 12:05:00.000000 +00:00
25206433176,SCEM,9,27,inbound,2024-11-06,53.201477,-0.589012,SCEM-37201,1477409,2024-11-06 12:27:58.000000 +00:00,2024-11-06 12:28:08.000000 +00:00,2024-11-06 12:28:26.341485 +00:00,scem|9|27|2024-11-06,270002700240,270002700240,2024-11-06 12:05:00.000000 +00:00
25206484451,SCEM,9,27,inbound,2024-11-06,53.20232,-0.592504,SCEM-37201,1477411,2024-11-06 12:28:19.000000 +00:00,2024-11-06 12:28:28.000000 +00:00,2024-11-06 12:28:47.039899 +00:00,scem|9|27|2024-11-06,270002700240,270002700240,2024-11-06 12:05:00.000000 +00:00
25206535733,SCEM,9,27,inbound,2024-11-06,53.202694,-0.593989,SCEM-37201,1477413,2024-11-06 12:28:39.000000 +00:00,2024-11-06 12:28:48.000000 +00:00,2024-11-06 12:29:06.369426 +00:00,scem|9|27|2024-11-06,270002700240,270002700240,2024-11-06 12:05:00.000000 +00:00
25206587036,SCEM,9,27,inbound,2024-11-06,53.202763,-0.594236,SCEM-37201,1477415,2024-11-06 12:28:59.000000 +00:00,2024-11-06 12:29:08.000000 +00:00,2024-11-06 12:29:25.977530 +00:00,scem|9|27|2024-11-06,270002700240,270002700240,2024-11-06 12:05:00.000000 +00:00
25206638288,SCEM,9,27,inbound,2024-11-06,53.203014,-0.595696,SCEM-37201,1477417,2024-11-06 12:29:19.000000 +00:00,2024-11-06 12:29:28.000000 +00:00,2024-11-06 12:29:46.001560 +00:00,scem|9|27|2024-11-06,270002700240,270002700240,2024-11-06 12:05:00.000000 +00:00
25206689566,SCEM,9,27,inbound,2024-11-06,53.20357,-0.597728,SCEM-37201,1477419,2024-11-06 12:29:40.000000 +00:00,2024-11-06 12:29:48.000000 +00:00,2024-11-06 12:30:06.253338 +00:00,scem|9|27|2024-11-06,270002700240,270002700240,2024-11-06 12:05:00.000000 +00:00
25206740844,SCEM,9,27,inbound,2024-11-06,53.204395,-0.601346,SCEM-37201,1477421,2024-11-06 12:30:00.000000 +00:00,2024-11-06 12:30:08.000000 +00:00,2024-11-06 12:30:26.681718 +00:00,scem|9|27|2024-11-06,270002700240,270002700240,2024-11-06 12:05:00.000000 +00:00
25206792124,SCEM,9,27,inbound,2024-11-06,53.20529,-0.605023,SCEM-37201,1477423,2024-11-06 12:30:20.000000 +00:00,2024-11-06 12:30:28.000000 +00:00,2024-11-06 12:30:46.314377 +00:00,scem|9|27|2024-11-06,270002700240,270002700240,2024-11-06 12:05:00.000000 +00:00
25206843408,SCEM,9,27,inbound,2024-11-06,53.20627,-0.608828,SCEM-37201,1477425,2024-11-06 12:30:41.000000 +00:00,2024-11-06 12:30:48.000000 +00:00,2024-11-06 12:31:06.644210 +00:00,scem|9|27|2024-11-06,270002700240,270002700240,2024-11-06 12:05:00.000000 +00:00
25206894687,SCEM,9,27,inbound,2024-11-06,53.206993,-0.608677,SCEM-37201,1477427,2024-11-06 12:31:01.000000 +00:00,2024-11-06 12:31:08.000000 +00:00,2024-11-06 12:31:26.707098 +00:00,scem|9|27|2024-11-06,270002700240,270002700240,2024-11-06 12:05:00.000000 +00:00
25206945972,SCEM,9,27,inbound,2024-11-06,53.20765,-0.607946,SCEM-37201,1477429,2024-11-06 12:31:21.000000 +00:00,2024-11-06 12:31:28.000000 +00:00,2024-11-06 12:31:46.700322 +00:00,scem|9|27|2024-11-06,270002700240,270002700240,2024-11-06 12:05:00.000000 +00:00
25206997249,SCEM,9,27,inbound,2024-11-06,53.208622,-0.606717,SCEM-37201,1477431,2024-11-06 12:31:41.000000 +00:00,2024-11-06 12:31:48.000000 +00:00,2024-11-06 12:32:06.775433 +00:00,scem|9|27|2024-11-06,270002700240,270002700240,2024-11-06 12:05:00.000000 +00:00
25207048535,SCEM,9,27,inbound,2024-11-06,53.20939,-0.606292,SCEM-37201,1477433,2024-11-06 12:32:02.000000 +00:00,2024-11-06 12:32:08.000000 +00:00,2024-11-06 12:32:26.900993 +00:00,scem|9|27|2024-11-06,270002700240,270002700240,2024-11-06 12:05:00.000000 +00:00
25207125451,SCEM,9,27,inbound,2024-11-06,53.21014,-0.605751,SCEM-37201,1477436,2024-11-06 12:32:22.000000 +00:00,2024-11-06 12:32:38.000000 +00:00,2024-11-06 12:32:56.504230 +00:00,scem|9|27|2024-11-06,270002700240,270002700240,2024-11-06 12:05:00.000000 +00:00
25207151095,SCEM,9,27,inbound,2024-11-06,53.21083,-0.603966,SCEM-37201,1477437,2024-11-06 12:32:42.000000 +00:00,2024-11-06 12:32:48.000000 +00:00,2024-11-06 12:33:06.636770 +00:00,scem|9|27|2024-11-06,270002700240,270002700240,2024-11-06 12:05:00.000000 +00:00
25207228027,SCEM,9,27,inbound,2024-11-06,53.210964,-0.603228,SCEM-37201,1477440,2024-11-06 12:33:02.000000 +00:00,2024-11-06 12:33:18.000000 +00:00,2024-11-06 12:33:36.424622 +00:00,scem|9|27|2024-11-06,270002700240,270002700240,2024-11-06 12:05:00.000000 +00:00
25207253673,SCEM,9,27,inbound,2024-11-06,53.21071,-0.602966,SCEM-37201,1477441,2024-11-06 12:33:23.000000 +00:00,2024-11-06 12:33:28.000000 +00:00,2024-11-06 12:33:46.462741 +00:00,scem|9|27|2024-11-06,270002700240,270002700240,2024-11-06 12:05:00.000000 +00:00
25207330634,SCEM,9,27,inbound,2024-11-06,53.20972,-0.600015,SCEM-37201,1477444,2024-11-06 12:33:43.000000 +00:00,2024-11-06 12:33:58.000000 +00:00,2024-11-06 12:34:17.233526 +00:00,scem|9|27|2024-11-06,270002700240,270002700240,2024-11-06 12:05:00.000000 +00:00
25207381904,SCEM,9,27,inbound,2024-11-06,53.208992,-0.597197,SCEM-37201,1477446,2024-11-06 12:34:03.000000 +00:00,2024-11-06 12:34:18.000000 +00:00,2024-11-06 12:34:36.812662 +00:00,scem|9|27|2024-11-06,270002700240,270002700240,2024-11-06 12:05:00.000000 +00:00
25207433202,SCEM,9,27,inbound,2024-11-06,53.208874,-0.595962,SCEM-37201,1477448,2024-11-06 12:34:23.000000 +00:00,2024-11-06 12:34:38.000000 +00:00,2024-11-06 12:34:56.199457 +00:00,scem|9|27|2024-11-06,270002700240,270002700240,2024-11-06 12:05:00.000000 +00:00
25207484500,SCEM,9,27,inbound,2024-11-06,53.210117,-0.594643,SCEM-37201,1477450,2024-11-06 12:34:44.000000 +00:00,2024-11-06 12:34:58.000000 +00:00,2024-11-06 12:35:16.587889 +00:00,scem|9|27|2024-11-06,270002700240,270002700240,2024-11-06 12:05:00.000000 +00:00
25207535799,SCEM,9,27,inbound,2024-11-06,53.21184,-0.593541,SCEM-37201,1477452,2024-11-06 12:35:04.000000 +00:00,2024-11-06 12:35:18.000000 +00:00,2024-11-06 12:35:36.409742 +00:00,scem|9|27|2024-11-06,270002700240,270002700240,2024-11-06 12:05:00.000000 +00:00
25207587085,SCEM,9,27,inbound,2024-11-06,53.21359,-0.593518,SCEM-37201,1477454,2024-11-06 12:35:24.000000 +00:00,2024-11-06 12:35:38.000000 +00:00,2024-11-06 12:35:56.878320 +00:00,scem|9|27|2024-11-06,270002700240,270002700240,2024-11-06 12:05:00.000000 +00:00
25207638387,SCEM,9,27,inbound,2024-11-06,53.2147,-0.593726,SCEM-37201,1477456,2024-11-06 12:35:44.000000 +00:00,2024-11-06 12:35:58.000000 +00:00,2024-11-06 12:36:16.796362 +00:00,scem|9|27|2024-11-06,270002700240,270002700240,2024-11-06 12:05:00.000000 +00:00
25207689689,SCEM,9,27,inbound,2024-11-06,53.21522,-0.59379,SCEM-37201,1477458,2024-11-06 12:36:05.000000 +00:00,2024-11-06 12:36:18.000000 +00:00,2024-11-06 12:36:36.264754 +00:00,scem|9|27|2024-11-06,270002700240,270002700240,2024-11-06 12:05:00.000000 +00:00
25207740986,SCEM,9,27,inbound,2024-11-06,53.216766,-0.595325,SCEM-37201,1477460,2024-11-06 12:36:25.000000 +00:00,2024-11-06 12:36:38.000000 +00:00,2024-11-06 12:36:57.174134 +00:00,scem|9|27|2024-11-06,270002700240,270002700240,2024-11-06 12:05:00.000000 +00:00
25207792351,SCEM,9,27,inbound,2024-11-06,53.216988,-0.597828,SCEM-37201,1477462,2024-11-06 12:36:45.000000 +00:00,2024-11-06 12:36:58.000000 +00:00,2024-11-06 12:37:17.009294 +00:00,scem|9|27|2024-11-06,270002700240,270002700240,2024-11-06 12:05:00.000000 +00:00
25207843583,SCEM,9,27,inbound,2024-11-06,53.21779,-0.600379,SCEM-37201,1477464,2024-11-06 12:37:05.000000 +00:00,2024-11-06 12:37:18.000000 +00:00,2024-11-06 12:37:36.560991 +00:00,scem|9|27|2024-11-06,270002700240,270002700240,2024-11-06 12:05:00.000000 +00:00
25207894881,SCEM,9,27,inbound,2024-11-06,53.21808,-0.600959,SCEM-37201,1477466,2024-11-06 12:37:26.000000 +00:00,2024-11-06 12:37:38.000000 +00:00,2024-11-06 12:37:56.688619 +00:00,scem|9|27|2024-11-06,270002700240,270002700240,2024-11-06 12:05:00.000000 +00:00
25207946179,SCEM,9,27,inbound,2024-11-06,53.21794,-0.601364,SCEM-37201,1477468,2024-11-06 12:37:46.000000 +00:00,2024-11-06 12:37:58.000000 +00:00,2024-11-06 12:38:16.688286 +00:00,scem|9|27|2024-11-06,270002700240,270002700240,2024-11-06 12:05:00.000000 +00:00
25207997482,SCEM,9,27,inbound,2024-11-06,53.216114,-0.602612,SCEM-37201,1477470,2024-11-06 12:38:06.000000 +00:00,2024-11-06 12:38:18.000000 +00:00,2024-11-06 12:38:36.643123 +00:00,scem|9|27|2024-11-06,270002700240,270002700240,2024-11-06 12:05:00.000000 +00:00
25208048776,SCEM,9,27,inbound,2024-11-06,53.214443,-0.603254,SCEM-37201,1477472,2024-11-06 12:38:27.000000 +00:00,2024-11-06 12:38:38.000000 +00:00,2024-11-06 12:38:56.813010 +00:00,scem|9|27|2024-11-06,270002700240,270002700240,2024-11-06 12:05:00.000000 +00:00
25208100070,SCEM,9,27,inbound,2024-11-06,53.214394,-0.603279,SCEM-37201,1477474,2024-11-06 12:38:47.000000 +00:00,2024-11-06 12:38:58.000000 +00:00,2024-11-06 12:39:16.801507 +00:00,scem|9|27|2024-11-06,270002700240,270002700240,2024-11-06 12:05:00.000000 +00:00
25208151367,SCEM,9,27,inbound,2024-11-06,53.21438,-0.603296,SCEM-37201,1477476,2024-11-06 12:39:07.000000 +00:00,2024-11-06 12:39:18.000000 +00:00,2024-11-06 12:39:36.446470 +00:00,scem|9|27|2024-11-06,270002700240,270002700240,2024-11-06 12:05:00.000000 +00:00
25208202669,SCEM,9,27,inbound,2024-11-06,53.214355,-0.603316,SCEM-37201,1477478,2024-11-06 12:39:27.000000 +00:00,2024-11-06 12:39:38.000000 +00:00,2024-11-06 12:39:57.424692 +00:00,scem|9|27|2024-11-06,270002700240,270002700240,2024-11-06 12:05:00.000000 +00:00
25208253968,SCEM,9,27,inbound,2024-11-06,53.214355,-0.60334,SCEM-37201,1477480,2024-11-06 12:39:47.000000 +00:00,2024-11-06 12:39:58.000000 +00:00,2024-11-06 12:40:16.952647 +00:00,scem|9|27|2024-11-06,270002700240,270002700240,2024-11-06 12:05:00.000000 +00:00
25208305278,SCEM,9,27,inbound,2024-11-06,53.214355,-0.603356,SCEM-37201,1477482,2024-11-06 12:40:08.000000 +00:00,2024-11-06 12:40:18.000000 +00:00,2024-11-06 12:40:36.584227 +00:00,scem|9|27|2024-11-06,270002700240,270002700240,2024-11-06 12:05:00.000000 +00:00
25208356578,SCEM,9,27,inbound,2024-11-06,53.214348,-0.603366,SCEM-37201,1477484,2024-11-06 12:40:28.000000 +00:00,2024-11-06 12:40:38.000000 +00:00,2024-11-06 12:40:56.911441 +00:00,scem|9|27|2024-11-06,270002700240,270002700240,2024-11-06 12:05:00.000000 +00:00
25208407911,SCEM,9,27,inbound,2024-11-06,53.213432,-0.603433,SCEM-37201,1477486,2024-11-06 12:40:48.000000 +00:00,2024-11-06 12:40:58.000000 +00:00,2024-11-06 12:41:16.433308 +00:00,scem|9|27|2024-11-06,270002700240,270002700240,2024-11-06 12:05:00.000000 +00:00
25208459177,SCEM,9,27,inbound,2024-11-06,53.2116,-0.603323,SCEM-37201,1477488,2024-11-06 12:41:09.000000 +00:00,2024-11-06 12:41:18.000000 +00:00,2024-11-06 12:41:37.234107 +00:00,scem|9|27|2024-11-06,270002700240,270002700240,2024-11-06 12:05:00.000000 +00:00
25208510482,SCEM,9,27,inbound,2024-11-06,53.21081,-0.603853,SCEM-37201,1477490,2024-11-06 12:41:29.000000 +00:00,2024-11-06 12:41:38.000000 +00:00,2024-11-06 12:41:57.285805 +00:00,scem|9|27|2024-11-06,270002700240,270002700240,2024-11-06 12:05:00.000000 +00:00
25208561790,SCEM,9,27,inbound,2024-11-06,53.20979,-0.606058,SCEM-37201,1477492,2024-11-06 12:41:49.000000 +00:00,2024-11-06 12:41:58.000000 +00:00,2024-11-06 12:42:16.861156 +00:00,scem|9|27|2024-11-06,270002700240,270002700240,2024-11-06 12:05:00.000000 +00:00
25208613099,SCEM,9,27,inbound,2024-11-06,53.20789,-0.607524,SCEM-37201,1477494,2024-11-06 12:42:10.000000 +00:00,2024-11-06 12:42:19.000000 +00:00,2024-11-06 12:42:36.868135 +00:00,scem|9|27|2024-11-06,270002700240,270002700240,2024-11-06 12:05:00.000000 +00:00
25208664412,SCEM,9,27,inbound,2024-11-06,53.206455,-0.609045,SCEM-37201,1477496,2024-11-06 12:42:30.000000 +00:00,2024-11-06 12:42:38.000000 +00:00,2024-11-06 12:42:57.301746 +00:00,scem|9|27|2024-11-06,270002700240,270002700240,2024-11-06 12:05:00.000000 +00:00
25208715731,SCEM,9,27,inbound,2024-11-06,53.206158,-0.608332,SCEM-37201,1477498,2024-11-06 12:42:50.000000 +00:00,2024-11-06 12:42:59.000000 +00:00,2024-11-06 12:43:17.436642 +00:00,scem|9|27|2024-11-06,270002700240,270002700240,2024-11-06 12:05:00.000000 +00:00
25208767043,SCEM,9,27,inbound,2024-11-06,53.205833,-0.606763,SCEM-37201,1477500,2024-11-06 12:43:10.000000 +00:00,2024-11-06 12:43:19.000000 +00:00,2024-11-06 12:43:37.471645 +00:00,scem|9|27|2024-11-06,270002700240,270002700240,2024-11-06 12:05:00.000000 +00:00
25208818367,SCEM,9,27,inbound,2024-11-06,53.205486,-0.605437,SCEM-37201,1477502,2024-11-06 12:43:31.000000 +00:00,2024-11-06 12:43:39.000000 +00:00,2024-11-06 12:43:56.764607 +00:00,scem|9|27|2024-11-06,270002700240,270002700240,2024-11-06 12:05:00.000000 +00:00
25208895358,SCEM,9,27,inbound,2024-11-06,53.20457,-0.60162,SCEM-37201,1477505,2024-11-06 12:43:51.000000 +00:00,2024-11-06 12:44:09.000000 +00:00,2024-11-06 12:44:27.103152 +00:00,scem|9|27|2024-11-06,270002700240,270002700240,2024-11-06 12:05:00.000000 +00:00
25208921021,SCEM,9,27,inbound,2024-11-06,53.20361,-0.597619,SCEM-37201,1477506,2024-11-06 12:44:11.000000 +00:00,2024-11-06 12:44:19.000000 +00:00,2024-11-06 12:44:36.714156 +00:00,scem|9|27|2024-11-06,270002700240,270002700240,2024-11-06 12:05:00.000000 +00:00
25208972355,SCEM,9,27,inbound,2024-11-06,53.20267,-0.593743,SCEM-37201,1477508,2024-11-06 12:44:32.000000 +00:00,2024-11-06 12:44:39.000000 +00:00,2024-11-06 12:44:56.852886 +00:00,scem|9|27|2024-11-06,270002700240,270002700240,2024-11-06 12:05:00.000000 +00:00
25209049341,SCEM,9,27,inbound,2024-11-06,53.201874,-0.590329,SCEM-37201,1477511,2024-11-06 12:44:52.000000 +00:00,2024-11-06 12:45:09.000000 +00:00,2024-11-06 12:45:27.179579 +00:00,scem|9|27|2024-11-06,270002700240,270002700240,2024-11-06 12:05:00.000000 +00:00
25209075000,SCEM,9,27,inbound,2024-11-06,53.201317,-0.588139,SCEM-37201,1477512,2024-11-06 12:45:12.000000 +00:00,2024-11-06 12:45:19.000000 +00:00,2024-11-06 12:45:36.801400 +00:00,scem|9|27|2024-11-06,270002700240,270002700240,2024-11-06 12:05:00.000000 +00:00
25209126319,SCEM,9,27,inbound,2024-11-06,53.201004,-0.586799,SCEM-37201,1477514,2024-11-06 12:45:32.000000 +00:00,2024-11-06 12:45:39.000000 +00:00,2024-11-06 12:45:57.195436 +00:00,scem|9|27|2024-11-06,270002700240,270002700240,2024-11-06 12:05:00.000000 +00:00
25209203369,SCEM,9,27,inbound,2024-11-06,53.200832,-0.586123,SCEM-37201,1477517,2024-11-06 12:45:52.000000 +00:00,2024-11-06 12:46:09.000000 +00:00,2024-11-06 12:46:27.098334 +00:00,scem|9|27|2024-11-06,270002700240,270002700240,2024-11-06 12:05:00.000000 +00:00
25209254654,SCEM,9,27,inbound,2024-11-06,53.200783,-0.586032,SCEM-37201,1477519,2024-11-06 12:46:13.000000 +00:00,2024-11-06 12:46:29.000000 +00:00,2024-11-06 12:46:46.989412 +00:00,scem|9|27|2024-11-06,270002700240,270002700240,2024-11-06 12:05:00.000000 +00:00
25209280319,SCEM,9,27,inbound,2024-11-06,53.2007,-0.585687,SCEM-37201,1477520,2024-11-06 12:46:33.000000 +00:00,2024-11-06 12:46:39.000000 +00:00,2024-11-06 12:46:57.157996 +00:00,scem|9|27|2024-11-06,270002700240,270002700240,2024-11-06 12:05:00.000000 +00:00
25209357383,SCEM,9,27,inbound,2024-11-06,53.200474,-0.584719,SCEM-37201,1477523,2024-11-06 12:46:53.000000 +00:00,2024-11-06 12:47:09.000000 +00:00,2024-11-06 12:47:26.984769 +00:00,scem|9|27|2024-11-06,270002700240,270002700240,2024-11-06 12:05:00.000000 +00:00
25209406419,SCEM,9,27,inbound,2024-11-06,53.20036,-0.584193,SCEM-37201,1477525,2024-11-06 12:47:14.000000 +00:00,2024-11-06 12:47:29.000000 +00:00,2024-11-06 12:47:46.694816 +00:00,scem|9|27|2024-11-06,270002700240,270002700240,2024-11-06 12:05:00.000000 +00:00
25209460008,SCEM,9,27,inbound,2024-11-06,53.200336,-0.584156,SCEM-37201,1477527,2024-11-06 12:47:34.000000 +00:00,2024-11-06 12:47:49.000000 +00:00,2024-11-06 12:48:07.526308 +00:00,scem|9|27|2024-11-06,270002700240,270002700240,2024-11-06 12:05:00.000000 +00:00
25209511384,SCEM,9,27,inbound,2024-11-06,53.20034,-0.58416,SCEM-37201,1477529,2024-11-06 12:47:54.000000 +00:00,2024-11-06 12:48:09.000000 +00:00,2024-11-06 12:48:26.559079 +00:00,scem|9|27|2024-11-06,270002700240,270002700240,2024-11-06 12:05:00.000000 +00:00
25209562662,SCEM,9,27,inbound,2024-11-06,53.200344,-0.584163,SCEM-37201,1477531,2024-11-06 12:48:14.000000 +00:00,2024-11-06 12:48:29.000000 +00:00,2024-11-06 12:48:47.319188 +00:00,scem|9|27|2024-11-06,270002700240,270002700240,2024-11-06 12:05:00.000000 +00:00
25209614001,SCEM,9,27,inbound,2024-11-06,53.20021,-0.583635,SCEM-37201,1477533,2024-11-06 12:48:35.000000 +00:00,2024-11-06 12:48:49.000000 +00:00,2024-11-06 12:49:07.329013 +00:00,scem|9|27|2024-11-06,270002700240,270002700240,2024-11-06 12:05:00.000000 +00:00
25209665346,SCEM,9,27,inbound,2024-11-06,53.199924,-0.582373,SCEM-37201,1477535,2024-11-06 12:48:55.000000 +00:00,2024-11-06 12:49:09.000000 +00:00,2024-11-06 12:49:26.708315 +00:00,scem|9|27|2024-11-06,270002700240,270002700240,2024-11-06 12:05:00.000000 +00:00
25209716692,SCEM,9,27,inbound,2024-11-06,53.199905,-0.582374,SCEM-37201,1477537,2024-11-06 12:49:15.000000 +00:00,2024-11-06 12:49:29.000000 +00:00,2024-11-06 12:49:46.942609 +00:00,scem|9|27|2024-11-06,270002700240,270002700240,2024-11-06 12:05:00.000000 +00:00
25209768046,SCEM,9,27,inbound,2024-11-06,53.199913,-0.582369,SCEM-37201,1477539,2024-11-06 12:49:36.000000 +00:00,2024-11-06 12:49:49.000000 +00:00,2024-11-06 12:50:07.043389 +00:00,scem|9|27|2024-11-06,270002700240,270002700240,2024-11-06 12:05:00.000000 +00:00
25209819393,SCEM,9,27,inbound,2024-11-06,53.19989,-0.582328,SCEM-37201,1477541,2024-11-06 12:49:56.000000 +00:00,2024-11-06 12:50:09.000000 +00:00,2024-11-06 12:50:26.883796 +00:00,scem|9|27|2024-11-06,270002700240,270002700240,2024-11-06 12:05:00.000000 +00:00
25209870729,SCEM,9,27,inbound,2024-11-06,53.19989,-0.582322,SCEM-37201,1477543,2024-11-06 12:50:16.000000 +00:00,2024-11-06 12:50:29.000000 +00:00,2024-11-06 12:50:47.388292 +00:00,scem|9|27|2024-11-06,270002700240,270002700240,2024-11-06 12:05:00.000000 +00:00
25209922088,SCEM,9,27,inbound,2024-11-06,53.19947,-0.580799,SCEM-37201,1477545,2024-11-06 12:50:36.000000 +00:00,2024-11-06 12:50:49.000000 +00:00,2024-11-06 12:51:06.925487 +00:00,scem|9|27|2024-11-06,270002700240,270002700240,2024-11-06 12:05:00.000000 +00:00
25209973430,SCEM,9,27,inbound,2024-11-06,53.199196,-0.577389,SCEM-37201,1477547,2024-11-06 12:50:57.000000 +00:00,2024-11-06 12:51:09.000000 +00:00,2024-11-06 12:51:26.962706 +00:00,scem|9|27|2024-11-06,270002700240,270002700240,2024-11-06 12:05:00.000000 +00:00
25210024786,SCEM,9,27,inbound,2024-11-06,53.199097,-0.574065,SCEM-37201,1477549,2024-11-06 12:51:17.000000 +00:00,2024-11-06 12:51:29.000000 +00:00,2024-11-06 12:51:47.016516 +00:00,scem|9|27|2024-11-06,270002700240,270002700240,2024-11-06 12:05:00.000000 +00:00
25210076121,SCEM,9,27,inbound,2024-11-06,53.19893,-0.571138,SCEM-37201,1477551,2024-11-06 12:51:37.000000 +00:00,2024-11-06 12:51:49.000000 +00:00,2024-11-06 12:52:07.300841 +00:00,scem|9|27|2024-11-06,270002700240,270002700240,2024-11-06 12:05:00.000000 +00:00
25210127461,SCEM,9,27,inbound,2024-11-06,53.198925,-0.57076,SCEM-37201,1477553,2024-11-06 12:51:57.000000 +00:00,2024-11-06 12:52:09.000000 +00:00,2024-11-06 12:52:26.590017 +00:00,scem|9|27|2024-11-06,270002700240,270002700240,2024-11-06 12:05:00.000000 +00:00
25210178816,SCEM,9,27,inbound,2024-11-06,53.19968,-0.569217,SCEM-37201,1477555,2024-11-06 12:52:18.000000 +00:00,2024-11-06 12:52:29.000000 +00:00,2024-11-06 12:52:47.322661 +00:00,scem|9|27|2024-11-06,270002700240,270002700240,2024-11-06 12:05:00.000000 +00:00
25210230162,SCEM,9,27,inbound,2024-11-06,53.199715,-0.569089,SCEM-37201,1477557,2024-11-06 12:52:38.000000 +00:00,2024-11-06 12:52:49.000000 +00:00,2024-11-06 12:53:06.745349 +00:00,scem|9|27|2024-11-06,270002700240,270002700240,2024-11-06 12:05:00.000000 +00:00
25210281566,SCEM,9,27,inbound,2024-11-06,53.199654,-0.568948,SCEM-37201,1477559,2024-11-06 12:52:58.000000 +00:00,2024-11-06 12:53:09.000000 +00:00,2024-11-06 12:53:27.363946 +00:00,scem|9|27|2024-11-06,270002700240,270002700240,2024-11-06 12:05:00.000000 +00:00
25210332852,SCEM,9,27,inbound,2024-11-06,53.199657,-0.568943,SCEM-37201,1477561,2024-11-06 12:53:19.000000 +00:00,2024-11-06 12:53:29.000000 +00:00,2024-11-06 12:53:47.022657 +00:00,scem|9|27|2024-11-06,270002700240,270002700240,2024-11-06 12:05:00.000000 +00:00
25210384194,SCEM,9,27,inbound,2024-11-06,53.19963,-0.568893,SCEM-37201,1477563,2024-11-06 12:53:39.000000 +00:00,2024-11-06 12:53:49.000000 +00:00,2024-11-06 12:54:07.387915 +00:00,scem|9|27|2024-11-06,270002700240,270002700240,2024-11-06 12:05:00.000000 +00:00
25210435595,SCEM,9,27,inbound,2024-11-06,53.199642,-0.568908,SCEM-37201,1477565,2024-11-06 12:53:59.000000 +00:00,2024-11-06 12:54:09.000000 +00:00,2024-11-06 12:54:27.490124 +00:00,scem|9|27|2024-11-06,270002700240,270002700240,2024-11-06 12:05:00.000000 +00:00
25210486880,SCEM,9,27,inbound,2024-11-06,53.199654,-0.56892,SCEM-37201,1477567,2024-11-06 12:54:20.000000 +00:00,2024-11-06 12:54:29.000000 +00:00,2024-11-06 12:54:47.460060 +00:00,scem|9|27|2024-11-06,270002700240,270002700240,2024-11-06 12:05:00.000000 +00:00
25210538222,SCEM,9,27,inbound,2024-11-06,53.19966,-0.568939,SCEM-37201,1477569,2024-11-06 12:54:40.000000 +00:00,2024-11-06 12:54:49.000000 +00:00,2024-11-06 12:55:07.556281 +00:00,scem|9|27|2024-11-06,270002700240,270002700240,2024-11-06 12:05:00.000000 +00:00
25210589621,SCEM,9,27,inbound,2024-11-06,53.199665,-0.568944,SCEM-37201,1477571,2024-11-06 12:55:00.000000 +00:00,2024-11-06 12:55:09.000000 +00:00,2024-11-06 12:55:27.117661 +00:00,scem|9|27|2024-11-06,270002700240,270002700240,2024-11-06 12:05:00.000000 +00:00
25210640928,SCEM,9,27,inbound,2024-11-06,53.199646,-0.568919,SCEM-37201,1477573,2024-11-06 12:55:20.000000 +00:00,2024-11-06 12:55:29.000000 +00:00,2024-11-06 12:55:47.249013 +00:00,scem|9|27|2024-11-06,270002700240,270002700240,2024-11-06 12:05:00.000000 +00:00
25210692290,SCEM,9,27,inbound,2024-11-06,53.199654,-0.568917,SCEM-37201,1477575,2024-11-06 12:55:40.000000 +00:00,2024-11-06 12:55:49.000000 +00:00,2024-11-06 12:56:07.409241 +00:00,scem|9|27|2024-11-06,270002700240,270002700240,2024-11-06 12:05:00.000000 +00:00
25210743637,SCEM,9,27,inbound,2024-11-06,53.19966,-0.568919,SCEM-37201,1477577,2024-11-06 12:56:01.000000 +00:00,2024-11-06 12:56:09.000000 +00:00,2024-11-06 12:56:27.816522 +00:00,scem|9|27|2024-11-06,270002700240,270002700240,2024-11-06 12:05:00.000000 +00:00
25210795248,SCEM,9,27,inbound,2024-11-06,53.199825,-0.568508,SCEM-37201,1477579,2024-11-06 12:56:21.000000 +00:00,2024-11-06 12:56:29.000000 +00:00,2024-11-06 12:56:47.329915 +00:00,scem|9|27|2024-11-06,270002700240,270002700240,2024-11-06 12:05:00.000000 +00:00
25210846355,SCEM,9,27,inbound,2024-11-06,53.200687,-0.566075,SCEM-37201,1477581,2024-11-06 12:56:41.000000 +00:00,2024-11-06 12:56:49.000000 +00:00,2024-11-06 12:57:07.483160 +00:00,scem|9|27|2024-11-06,270002700240,270002700240,2024-11-06 12:05:00.000000 +00:00
25210897726,SCEM,9,27,inbound,2024-11-06,53.201126,-0.566304,SCEM-37201,1477583,2024-11-06 12:57:02.000000 +00:00,2024-11-06 12:57:09.000000 +00:00,2024-11-06 12:57:27.404840 +00:00,scem|9|27|2024-11-06,270002700240,270002700240,2024-11-06 12:05:00.000000 +00:00
25210949087,SCEM,9,27,inbound,2024-11-06,53.201912,-0.568449,SCEM-37201,1477585,2024-11-06 12:57:22.000000 +00:00,2024-11-06 12:57:29.000000 +00:00,2024-11-06 12:57:47.451199 +00:00,scem|9|27|2024-11-06,270002700240,270002700240,2024-11-06 12:05:00.000000 +00:00
25211026125,SCEM,9,27,inbound,2024-11-06,53.20203,-0.568874,SCEM-37201,1477588,2024-11-06 12:57:42.000000 +00:00,2024-11-06 12:57:59.000000 +00:00,2024-11-06 12:58:17.595564 +00:00,scem|9|27|2024-11-06,270002700240,270002700240,2024-11-06 12:05:00.000000 +00:00
25211051913,SCEM,9,27,inbound,2024-11-06,53.202785,-0.570939,SCEM-37201,1477589,2024-11-06 12:58:03.000000 +00:00,2024-11-06 12:58:09.000000 +00:00,2024-11-06 12:58:27.144069 +00:00,scem|9|27|2024-11-06,270002700240,270002700240,2024-11-06 12:05:00.000000 +00:00
25211103184,SCEM,9,27,inbound,2024-11-06,53.20333,-0.573082,SCEM-37201,1477591,2024-11-06 12:58:23.000000 +00:00,2024-11-06 12:58:29.000000 +00:00,2024-11-06 12:58:47.258738 +00:00,scem|9|27|2024-11-06,270002700240,270002700240,2024-11-06 12:05:00.000000 +00:00
25211180228,SCEM,9,27,inbound,2024-11-06,53.204086,-0.574216,SCEM-37201,1477594,2024-11-06 12:58:43.000000 +00:00,2024-11-06 12:58:59.000000 +00:00,2024-11-06 12:59:17.256208 +00:00,scem|9|27|2024-11-06,270002700240,270002700240,2024-11-06 12:05:00.000000 +00:00
25211231598,SCEM,9,27,inbound,2024-11-06,53.205284,-0.575137,SCEM-37201,1477596,2024-11-06 12:59:04.000000 +00:00,2024-11-06 12:59:19.000000 +00:00,2024-11-06 12:59:37.787180 +00:00,scem|9|27|2024-11-06,270002700240,270002700240,2024-11-06 12:05:00.000000 +00:00
25211282967,SCEM,9,27,inbound,2024-11-06,53.205624,-0.574234,SCEM-37201,1477598,2024-11-06 12:59:24.000000 +00:00,2024-11-06 12:59:39.000000 +00:00,2024-11-06 12:59:57.611221 +00:00,scem|9|27|2024-11-06,270002700240,270002700240,2024-11-06 12:05:00.000000 +00:00
25211334340,SCEM,9,27,inbound,2024-11-06,53.20565,-0.574171,SCEM-37201,1477600,2024-11-06 12:59:44.000000 +00:00,2024-11-06 12:59:59.000000 +00:00,2024-11-06 13:00:17.385433 +00:00,scem|9|27|2024-11-06,270002700240,270002700240,2024-11-06 12:05:00.000000 +00:00
25211385715,SCEM,9,27,inbound,2024-11-06,53.205704,-0.574014,SCEM-37201,1477602,2024-11-06 13:00:05.000000 +00:00,2024-11-06 13:00:19.000000 +00:00,2024-11-06 13:00:37.559547 +00:00,scem|9|27|2024-11-06,270002700240,270002700240,2024-11-06 12:05:00.000000 +00:00
25211437093,SCEM,9,27,inbound,2024-11-06,53.206444,-0.571701,SCEM-37201,1477604,2024-11-06 13:00:25.000000 +00:00,2024-11-06 13:00:39.000000 +00:00,2024-11-06 13:00:57.477787 +00:00,scem|9|27|2024-11-06,270002700240,270002700240,2024-11-06 12:05:00.000000 +00:00
25211488473,SCEM,9,27,inbound,2024-11-06,53.20642,-0.571567,SCEM-37201,1477606,2024-11-06 13:00:45.000000 +00:00,2024-11-06 13:00:59.000000 +00:00,2024-11-06 13:01:17.415865 +00:00,scem|9|27|2024-11-06,270002700240,270002700240,2024-11-06 12:05:00.000000 +00:00
25211539859,SCEM,9,27,inbound,2024-11-06,53.206406,-0.57152,SCEM-37201,1477608,2024-11-06 13:01:06.000000 +00:00,2024-11-06 13:01:19.000000 +00:00,2024-11-06 13:01:37.576808 +00:00,scem|9|27|2024-11-06,270002700240,270002700240,2024-11-06 12:05:00.000000 +00:00
25211591250,SCEM,9,27,inbound,2024-11-06,53.206413,-0.571516,SCEM-37201,1477610,2024-11-06 13:01:26.000000 +00:00,2024-11-06 13:01:39.000000 +00:00,2024-11-06 13:01:58.097326 +00:00,scem|9|27|2024-11-06,270002700240,270002700240,2024-11-06 12:05:00.000000 +00:00
25211642656,SCEM,9,27,inbound,2024-11-06,53.206436,-0.571549,SCEM-37201,1477612,2024-11-06 13:01:46.000000 +00:00,2024-11-06 13:01:59.000000 +00:00,2024-11-06 13:02:17.202128 +00:00,scem|9|27|2024-11-06,270002700240,270002700240,2024-11-06 12:05:00.000000 +00:00
25211694015,SCEM,9,27,inbound,2024-11-06,53.206432,-0.571544,SCEM-37201,1477614,2024-11-06 13:02:06.000000 +00:00,2024-11-06 13:02:19.000000 +00:00,2024-11-06 13:02:37.155138 +00:00,scem|9|27|2024-11-06,270002700240,270002700240,2024-11-06 12:05:00.000000 +00:00
25211745413,SCEM,9,27,inbound,2024-11-06,53.206425,-0.571501,SCEM-37201,1477616,2024-11-06 13:02:26.000000 +00:00,2024-11-06 13:02:39.000000 +00:00,2024-11-06 13:02:57.716172 +00:00,scem|9|27|2024-11-06,270002700240,270002700240,2024-11-06 12:05:00.000000 +00:00
25211796813,SCEM,9,27,inbound,2024-11-06,53.207066,-0.569511,SCEM-37201,1477618,2024-11-06 13:02:46.000000 +00:00,2024-11-06 13:02:59.000000 +00:00,2024-11-06 13:03:17.682702 +00:00,scem|9|27|2024-11-06,270002700240,270002700240,2024-11-06 12:05:00.000000 +00:00
25211848217,SCEM,9,27,inbound,2024-11-06,53.20787,-0.566733,SCEM-37201,1477620,2024-11-06 13:03:06.000000 +00:00,2024-11-06 13:03:19.000000 +00:00,2024-11-06 13:03:38.276380 +00:00,scem|9|27|2024-11-06,270002700240,270002700240,2024-11-06 12:05:00.000000 +00:00
25211899629,SCEM,9,27,inbound,2024-11-06,53.209423,-0.563999,SCEM-37201,1477622,2024-11-06 13:03:27.000000 +00:00,2024-11-06 13:03:39.000000 +00:00,2024-11-06 13:03:58.286536 +00:00,scem|9|27|2024-11-06,270002700240,270002700240,2024-11-06 12:05:00.000000 +00:00
25211951049,SCEM,9,27,inbound,2024-11-06,53.21067,-0.562178,SCEM-37201,1477624,2024-11-06 13:03:47.000000 +00:00,2024-11-06 13:03:59.000000 +00:00,2024-11-06 13:04:17.533837 +00:00,scem|9|27|2024-11-06,270002700240,270002700240,2024-11-06 12:05:00.000000 +00:00
25212002424,SCEM,9,27,inbound,2024-11-06,53.210735,-0.562128,SCEM-37201,1477626,2024-11-06 13:04:07.000000 +00:00,2024-11-06 13:04:19.000000 +00:00,2024-11-06 13:04:37.592578 +00:00,scem|9|27|2024-11-06,270002700240,270002700240,2024-11-06 12:05:00.000000 +00:00
25212053820,SCEM,9,27,inbound,2024-11-06,53.21209,-0.560855,SCEM-37201,1477628,2024-11-06 13:04:28.000000 +00:00,2024-11-06 13:04:39.000000 +00:00,2024-11-06 13:04:57.549154 +00:00,scem|9|27|2024-11-06,270002700240,270002700240,2024-11-06 12:05:00.000000 +00:00
25212105214,SCEM,9,27,inbound,2024-11-06,53.213703,-0.558902,SCEM-37201,1477630,2024-11-06 13:04:48.000000 +00:00,2024-11-06 13:04:59.000000 +00:00,2024-11-06 13:05:18.102346 +00:00,scem|9|27|2024-11-06,270002700240,270002700240,2024-11-06 12:05:00.000000 +00:00
25212156614,SCEM,9,27,inbound,2024-11-06,53.2137,-0.558785,SCEM-37201,1477632,2024-11-06 13:05:08.000000 +00:00,2024-11-06 13:05:19.000000 +00:00,2024-11-06 13:05:38.204163 +00:00,scem|9|27|2024-11-06,270002700240,270002700240,2024-11-06 12:05:00.000000 +00:00
25212208018,SCEM,9,27,inbound,2024-11-06,53.21405,-0.556089,SCEM-37201,1477634,2024-11-06 13:05:29.000000 +00:00,2024-11-06 13:05:39.000000 +00:00,2024-11-06 13:05:58.277103 +00:00,scem|9|27|2024-11-06,270002700240,270002700240,2024-11-06 12:05:00.000000 +00:00
25212259422,SCEM,9,27,inbound,2024-11-06,53.21502,-0.555497,SCEM-37201,1477636,2024-11-06 13:05:49.000000 +00:00,2024-11-06 13:05:59.000000 +00:00,2024-11-06 13:06:18.134991 +00:00,scem|9|27|2024-11-06,270002700240,270002700240,2024-11-06 12:05:00.000000 +00:00
25212310818,SCEM,9,27,inbound,2024-11-06,53.216293,-0.554878,SCEM-37201,1477638,2024-11-06 13:06:09.000000 +00:00,2024-11-06 13:06:19.000000 +00:00,2024-11-06 13:06:37.643081 +00:00,scem|9|27|2024-11-06,270002700240,270002700240,2024-11-06 12:05:00.000000 +00:00
25212362218,SCEM,9,27,inbound,2024-11-06,53.218502,-0.553839,SCEM-37201,1477640,2024-11-06 13:06:30.000000 +00:00,2024-11-06 13:06:39.000000 +00:00,2024-11-06 13:06:57.730654 +00:00,scem|9|27|2024-11-06,270002700240,270002700240,2024-11-06 12:05:00.000000 +00:00
25212413619,SCEM,9,27,inbound,2024-11-06,53.21889,-0.553635,SCEM-37201,1477642,2024-11-06 13:06:50.000000 +00:00,2024-11-06 13:06:59.000000 +00:00,2024-11-06 13:07:17.836131 +00:00,scem|9|27|2024-11-06,270002700240,270002700240,2024-11-06 12:05:00.000000 +00:00
25212465017,SCEM,9,27,inbound,2024-11-06,53.219296,-0.552542,SCEM-37201,1477644,2024-11-06 13:07:10.000000 +00:00,2024-11-06 13:07:19.000000 +00:00,2024-11-06 13:07:38.435679 +00:00,scem|9|27|2024-11-06,270002700240,270002700240,2024-11-06 12:05:00.000000 +00:00
25212516448,SCEM,9,27,inbound,2024-11-06,53.219315,-0.551969,SCEM-37201,1477646,2024-11-06 13:07:31.000000 +00:00,2024-11-06 13:07:39.000000 +00:00,2024-11-06 13:07:57.858006 +00:00,scem|9|27|2024-11-06,270002700240,270002700240,2024-11-06 12:05:00.000000 +00:00
25212567829,SCEM,9,27,inbound,2024-11-06,53.219097,-0.548356,SCEM-37201,1477648,2024-11-06 13:07:51.000000 +00:00,2024-11-06 13:07:59.000000 +00:00,2024-11-06 13:08:18.045106 +00:00,scem|9|27|2024-11-06,270002700240,270002700240,2024-11-06 12:05:00.000000 +00:00
25212824908,SCEM,9,27,inbound,2024-11-06,53.223427,-0.543657,SCEM-37201,1477658,2024-11-06 13:09:32.000000 +00:00,2024-11-06 13:09:39.000000 +00:00,2024-11-06 13:09:58.179508 +00:00,scem|9|27|2024-11-06,270002700240,270002700240,2024-11-06 12:05:00.000000 +00:00
25212902007,SCEM,9,27,inbound,2024-11-06,53.224705,-0.543043,SCEM-37201,1477661,2024-11-06 13:09:53.000000 +00:00,2024-11-06 13:10:09.000000 +00:00,2024-11-06 13:10:28.251880 +00:00,scem|9|27|2024-11-06,270002700240,270002700240,2024-11-06 12:05:00.000000 +00:00
25212927710,SCEM,9,27,inbound,2024-11-06,53.224792,-0.542876,SCEM-37201,1477662,2024-11-06 13:10:13.000000 +00:00,2024-11-06 13:10:19.000000 +00:00,2024-11-06 13:10:37.762010 +00:00,scem|9|27|2024-11-06,270002700240,270002700240,2024-11-06 12:05:00.000000 +00:00
25213005316,SCEM,9,27,inbound,2024-11-06,53.225388,-0.542502,SCEM-37201,1477665,2024-11-06 13:10:33.000000 +00:00,2024-11-06 13:10:49.000000 +00:00,2024-11-06 13:11:08.244042 +00:00,scem|9|27|2024-11-06,270002700240,270002700240,2024-11-06 12:05:00.000000 +00:00
25213056282,SCEM,9,27,inbound,2024-11-06,53.225353,-0.54249,SCEM-37201,1477667,2024-11-06 13:10:53.000000 +00:00,2024-11-06 13:11:09.000000 +00:00,2024-11-06 13:11:27.868442 +00:00,scem|9|27|2024-11-06,270002700240,270002700240,2024-11-06 12:05:00.000000 +00:00
25213081992,SCEM,9,27,inbound,2024-11-06,53.22532,-0.542445,SCEM-37201,1477668,2024-11-06 13:11:14.000000 +00:00,2024-11-06 13:11:19.000000 +00:00,2024-11-06 13:11:37.775767 +00:00,scem|9|27|2024-11-06,270002700240,270002700240,2024-11-06 12:05:00.000000 +00:00
25213159129,SCEM,9,27,inbound,2024-11-06,53.22528,-0.542432,SCEM-37201,1477671,2024-11-06 13:11:34.000000 +00:00,2024-11-06 13:11:49.000000 +00:00,2024-11-06 13:12:08.409455 +00:00,scem|9|27|2024-11-06,270002700240,270002700240,2024-11-06 12:05:00.000000 +00:00
25213210561,SCEM,9,27,inbound,2024-11-06,53.225376,-0.542037,SCEM-37201,1477673,2024-11-06 13:11:54.000000 +00:00,2024-11-06 13:12:09.000000 +00:00,2024-11-06 13:12:27.863224 +00:00,scem|9|27|2024-11-06,270002700240,270002700240,2024-11-06 12:05:00.000000 +00:00
25213261980,SCEM,9,27,inbound,2024-11-06,53.22465,-0.538625,SCEM-37201,1477675,2024-11-06 13:12:15.000000 +00:00,2024-11-06 13:12:29.000000 +00:00,2024-11-06 13:12:47.866885 +00:00,scem|9|27|2024-11-06,270002700240,270002700240,2024-11-06 12:05:00.000000 +00:00
25213313954,SCEM,9,27,inbound,2024-11-06,53.22453,-0.537589,SCEM-37201,1477677,2024-11-06 13:12:35.000000 +00:00,2024-11-06 13:12:49.000000 +00:00,2024-11-06 13:13:07.984784 +00:00,scem|9|27|2024-11-06,270002700240,270002700240,2024-11-06 12:05:00.000000 +00:00
25213364835,SCEM,9,27,inbound,2024-11-06,53.22406,-0.537058,SCEM-37201,1477679,2024-11-06 13:12:55.000000 +00:00,2024-11-06 13:13:09.000000 +00:00,2024-11-06 13:13:28.017981 +00:00,scem|9|27|2024-11-06,270002700240,270002700240,2024-11-06 12:05:00.000000 +00:00
25213416258,SCEM,9,27,inbound,2024-11-06,53.223278,-0.53566,SCEM-37201,1477681,2024-11-06 13:13:16.000000 +00:00,2024-11-06 13:13:29.000000 +00:00,2024-11-06 13:13:48.577528 +00:00,scem|9|27|2024-11-06,270002700240,270002700240,2024-11-06 12:05:00.000000 +00:00
25213467689,SCEM,9,27,inbound,2024-11-06,53.22448,-0.536297,SCEM-37201,1477683,2024-11-06 13:13:36.000000 +00:00,2024-11-06 13:13:49.000000 +00:00,2024-11-06 13:14:08.238431 +00:00,scem|9|27|2024-11-06,270002700240,270002700240,2024-11-06 12:05:00.000000 +00:00
25213622248,SCEM,9,27,inbound,2024-11-06,53.22633,-0.537411,SCEM-37201,1477689,2024-11-06 13:14:37.000000 +00:00,2024-11-06 13:14:49.000000 +00:00,2024-11-06 13:15:07.840070 +00:00,scem|9|27|2024-11-06,270002700240,270002700240,2024-11-06 12:05:00.000000 +00:00
25213673491,SCEM,9,27,inbound,2024-11-06,53.22633,-0.537499,SCEM-37201,1477691,2024-11-06 13:14:57.000000 +00:00,2024-11-06 13:15:09.000000 +00:00,2024-11-06 13:15:28.180533 +00:00,scem|9|27|2024-11-06,270002700240,270002700240,2024-11-06 12:05:00.000000 +00:00
25213724927,SCEM,9,27,inbound,2024-11-06,53.226322,-0.537537,SCEM-37201,1477693,2024-11-06 13:15:17.000000 +00:00,2024-11-06 13:15:29.000000 +00:00,2024-11-06 13:15:47.887076 +00:00,scem|9|27|2024-11-06,270002700240,270002700240,2024-11-06 12:05:00.000000 +00:00
25213776371,SCEM,9,27,inbound,2024-11-06,53.226322,-0.537569,SCEM-37201,1477695,2024-11-06 13:15:38.000000 +00:00,2024-11-06 13:15:49.000000 +00:00,2024-11-06 13:16:07.986810 +00:00,scem|9|27|2024-11-06,270002700240,270002700240,2024-11-06 12:05:00.000000 +00:00
25213827824,SCEM,9,27,inbound,2024-11-06,53.226364,-0.537641,SCEM-37201,1477697,2024-11-06 13:15:58.000000 +00:00,2024-11-06 13:16:09.000000 +00:00,2024-11-06 13:16:28.619159 +00:00,scem|9|27|2024-11-06,270002700240,270002700240,2024-11-06 12:05:00.000000 +00:00
25213879262,SCEM,9,27,inbound,2024-11-06,53.226383,-0.537869,SCEM-37201,1477699,2024-11-06 13:16:18.000000 +00:00,2024-11-06 13:16:29.000000 +00:00,2024-11-06 13:16:47.980386 +00:00,scem|9|27|2024-11-06,270002700240,270002700240,2024-11-06 12:05:00.000000 +00:00
25213930966,SCEM,9,27,inbound,2024-11-06,53.226444,-0.537852,SCEM-37201,1477701,2024-11-06 13:16:39.000000 +00:00,2024-11-06 13:16:49.000000 +00:00,2024-11-06 13:17:08.654993 +00:00,scem|9|27|2024-11-06,270002700240,270002700240,2024-11-06 12:05:00.000000 +00:00
25213982161,SCEM,9,27,inbound,2024-11-06,53.22652,-0.537819,SCEM-37201,1477703,2024-11-06 13:16:59.000000 +00:00,2024-11-06 13:17:09.000000 +00:00,2024-11-06 13:17:27.966674 +00:00,scem|9|27|2024-11-06,270002700240,270002700240,2024-11-06 12:05:00.000000 +00:00
25214033603,SCEM,9,27,inbound,2024-11-06,53.226616,-0.537773,SCEM-37201,1477705,2024-11-06 13:17:19.000000 +00:00,2024-11-06 13:17:29.000000 +00:00,2024-11-06 13:17:48.770558 +00:00,scem|9|27|2024-11-06,270002700240,270002700240,2024-11-06 12:05:00.000000 +00:00
25214085060,SCEM,9,27,inbound,2024-11-06,53.22667,-0.537754,SCEM-37201,1477707,2024-11-06 13:17:40.000000 +00:00,2024-11-06 13:17:49.000000 +00:00,2024-11-06 13:18:08.569131 +00:00,scem|9|27|2024-11-06,270002700240,270002700240,2024-11-06 12:05:00.000000 +00:00
25215191722,SCEM,9,27,inbound,2024-11-06,53.226368,-0.537638,SCEM-37201,1477750,2024-11-06 13:24:47.000000 +00:00,2024-11-06 13:25:00.000000 +00:00,2024-11-06 13:25:18.427868 +00:00,scem|9|27|2024-11-06,270002700240,270002700240,2024-11-06 12:05:00.000000 +00:00
25215243208,SCEM,9,27,inbound,2024-11-06,53.226406,-0.537696,SCEM-37201,1477752,2024-11-06 13:25:07.000000 +00:00,2024-11-06 13:25:20.000000 +00:00,2024-11-06 13:25:38.516643 +00:00,scem|9|27|2024-11-06,270002700240,270002700240,2024-11-06 12:05:00.000000 +00:00
25215294704,SCEM,9,27,inbound,2024-11-06,53.22644,-0.537663,SCEM-37201,1477754,2024-11-06 13:25:28.000000 +00:00,2024-11-06 13:25:40.000000 +00:00,2024-11-06 13:25:59.062552 +00:00,scem|9|27|2024-11-06,270002700240,270002700240,2024-11-06 12:05:00.000000 +00:00
25215346181,SCEM,9,27,inbound,2024-11-06,53.22648,-0.53761,SCEM-37201,1477756,2024-11-06 13:25:48.000000 +00:00,2024-11-06 13:26:00.000000 +00:00,2024-11-06 13:26:18.809168 +00:00,scem|9|27|2024-11-06,270002700240,270002700240,2024-11-06 12:05:00.000000 +00:00
25215397658,SCEM,9,27,inbound,2024-11-06,53.2265,-0.537506,SCEM-37201,1477758,2024-11-06 13:26:08.000000 +00:00,2024-11-06 13:26:20.000000 +00:00,2024-11-06 13:26:38.156787 +00:00,scem|9|27|2024-11-06,270002700240,270002700240,2024-11-06 12:05:00.000000 +00:00
25215449165,SCEM,9,27,inbound,2024-11-06,53.226547,-0.537446,SCEM-37201,1477760,2024-11-06 13:26:29.000000 +00:00,2024-11-06 13:26:40.000000 +00:00,2024-11-06 13:26:58.778261 +00:00,scem|9|27|2024-11-06,270002700240,270002700240,2024-11-06 12:05:00.000000 +00:00
25215500614,SCEM,9,27,inbound,2024-11-06,53.226616,-0.537454,SCEM-37201,1477762,2024-11-06 13:26:49.000000 +00:00,2024-11-06 13:27:00.000000 +00:00,2024-11-06 13:27:18.736814 +00:00,scem|9|27|2024-11-06,270002700240,270002700240,2024-11-06 12:05:00.000000 +00:00
25215552096,SCEM,9,27,inbound,2024-11-06,53.22665,-0.537462,SCEM-37201,1477764,2024-11-06 13:27:09.000000 +00:00,2024-11-06 13:27:20.000000 +00:00,2024-11-06 13:27:38.483941 +00:00,scem|9|27|2024-11-06,270002700240,270002700240,2024-11-06 12:05:00.000000 +00:00
25215603580,SCEM,9,27,inbound,2024-11-06,53.22669,-0.537509,SCEM-37201,1477766,2024-11-06 13:27:29.000000 +00:00,2024-11-06 13:27:40.000000 +00:00,2024-11-06 13:27:58.288016 +00:00,scem|9|27|2024-11-06,270002700240,270002700240,2024-11-06 12:05:00.000000 +00:00
25215655058,SCEM,9,27,inbound,2024-11-06,53.226696,-0.537508,SCEM-37201,1477768,2024-11-06 13:27:50.000000 +00:00,2024-11-06 13:28:00.000000 +00:00,2024-11-06 13:28:18.394315 +00:00,scem|9|27|2024-11-06,270002700240,270002700240,2024-11-06 12:05:00.000000 +00:00
25215706548,SCEM,9,27,inbound,2024-11-06,53.226704,-0.537505,SCEM-37201,1477770,2024-11-06 13:28:10.000000 +00:00,2024-11-06 13:28:20.000000 +00:00,2024-11-06 13:28:38.813469 +00:00,scem|9|27|2024-11-06,270002700240,270002700240,2024-11-06 12:05:00.000000 +00:00
25215758065,SCEM,9,27,inbound,2024-11-06,53.226707,-0.537509,SCEM-37201,1477772,2024-11-06 13:28:30.000000 +00:00,2024-11-06 13:28:40.000000 +00:00,2024-11-06 13:28:58.489705 +00:00,scem|9|27|2024-11-06,270002700240,270002700240,2024-11-06 12:05:00.000000 +00:00
25215809538,SCEM,9,27,inbound,2024-11-06,53.226707,-0.53753,SCEM-37201,1477774,2024-11-06 13:28:50.000000 +00:00,2024-11-06 13:29:00.000000 +00:00,2024-11-06 13:29:18.593818 +00:00,scem|9|27|2024-11-06,270002700240,270002700240,2024-11-06 12:05:00.000000 +00:00
25215861042,SCEM,9,27,inbound,2024-11-06,53.22672,-0.53755,SCEM-37201,1477776,2024-11-06 13:29:11.000000 +00:00,2024-11-06 13:29:20.000000 +00:00,2024-11-06 13:29:38.818703 +00:00,scem|9|27|2024-11-06,270002700240,270002700240,2024-11-06 12:05:00.000000 +00:00
25215912540,SCEM,9,27,inbound,2024-11-06,53.226715,-0.537557,SCEM-37201,1477778,2024-11-06 13:29:31.000000 +00:00,2024-11-06 13:29:40.000000 +00:00,2024-11-06 13:29:58.787824 +00:00,scem|9|27|2024-11-06,270002700240,270002700240,2024-11-06 12:05:00.000000 +00:00
25215964038,SCEM,9,27,inbound,2024-11-06,53.22672,-0.537558,SCEM-37201,1477780,2024-11-06 13:29:51.000000 +00:00,2024-11-06 13:30:00.000000 +00:00,2024-11-06 13:30:19.095667 +00:00,scem|9|27|2024-11-06,270002700240,270002700240,2024-11-06 12:05:00.000000 +00:00
25216015537,SCEM,9,27,inbound,2024-11-06,53.226715,-0.537555,SCEM-37201,1477782,2024-11-06 13:30:11.000000 +00:00,2024-11-06 13:30:20.000000 +00:00,2024-11-06 13:30:38.682961 +00:00,scem|9|27|2024-11-06,270002700240,270002700240,2024-11-06 12:05:00.000000 +00:00
25216067076,SCEM,9,27,inbound,2024-11-06,53.226704,-0.537552,SCEM-37201,1477784,2024-11-06 13:30:32.000000 +00:00,2024-11-06 13:30:40.000000 +00:00,2024-11-06 13:30:58.666483 +00:00,scem|9|27|2024-11-06,270002700240,270002700240,2024-11-06 12:05:00.000000 +00:00
25216144289,SCEM,9,27,inbound,2024-11-06,53.226685,-0.537535,SCEM-37201,1477787,2024-11-06 13:30:52.000000 +00:00,2024-11-06 13:31:10.000000 +00:00,2024-11-06 13:31:28.598805 +00:00,scem|9|27|2024-11-06,270002700240,270002700240,2024-11-06 12:05:00.000000 +00:00
25216170036,SCEM,9,27,inbound,2024-11-06,53.22669,-0.537517,SCEM-37201,1477788,2024-11-06 13:31:12.000000 +00:00,2024-11-06 13:31:20.000000 +00:00,2024-11-06 13:31:39.098681 +00:00,scem|9|27|2024-11-06,270002700240,270002700240,2024-11-06 12:05:00.000000 +00:00
25216221541,SCEM,9,27,inbound,2024-11-06,53.226677,-0.537529,SCEM-37201,1477790,2024-11-06 13:31:32.000000 +00:00,2024-11-06 13:31:40.000000 +00:00,2024-11-06 13:31:58.857377 +00:00,scem|9|27|2024-11-06,270002700240,270002700240,2024-11-06 12:05:00.000000 +00:00
25216298795,SCEM,9,27,inbound,2024-11-06,53.22667,-0.537541,SCEM-37201,1477793,2024-11-06 13:31:52.000000 +00:00,2024-11-06 13:32:10.000000 +00:00,2024-11-06 13:32:28.507569 +00:00,scem|9|27|2024-11-06,270002700240,270002700240,2024-11-06 12:05:00.000000 +00:00
25216324548,SCEM,9,27,inbound,2024-11-06,53.22669,-0.537522,SCEM-37201,1477794,2024-11-06 13:32:13.000000 +00:00,2024-11-06 13:32:20.000000 +00:00,2024-11-06 13:32:38.936739 +00:00,scem|9|27|2024-11-06,270002700240,270002700240,2024-11-06 12:05:00.000000 +00:00
25216376065,SCEM,9,27,inbound,2024-11-06,53.2267,-0.537523,SCEM-37201,1477796,2024-11-06 13:32:33.000000 +00:00,2024-11-06 13:32:40.000000 +00:00,2024-11-06 13:32:59.012526 +00:00,scem|9|27|2024-11-06,270002700240,270002700240,2024-11-06 12:05:00.000000 +00:00
25216453355,SCEM,9,27,inbound,2024-11-06,53.22669,-0.537546,SCEM-37201,1477799,2024-11-06 13:32:53.000000 +00:00,2024-11-06 13:33:10.000000 +00:00,2024-11-06 13:33:29.090418 +00:00,scem|9|27|2024-11-06,270002700240,270002700240,2024-11-06 12:05:00.000000 +00:00
25216479111,SCEM,9,27,inbound,2024-11-06,53.226673,-0.537548,SCEM-37201,1477800,2024-11-06 13:33:14.000000 +00:00,2024-11-06 13:33:20.000000 +00:00,2024-11-06 13:33:39.879423 +00:00,scem|9|27|2024-11-06,270002700240,270002700240,2024-11-06 12:05:00.000000 +00:00
25216530643,SCEM,9,27,inbound,2024-11-06,53.22669,-0.537537,SCEM-37201,1477802,2024-11-06 13:33:34.000000 +00:00,2024-11-06 13:33:40.000000 +00:00,2024-11-06 13:33:59.273433 +00:00,scem|9|27|2024-11-06,270002700240,270002700240,2024-11-06 12:05:00.000000 +00:00
25216607934,SCEM,9,27,inbound,2024-11-06,53.22671,-0.537514,SCEM-37201,1477805,2024-11-06 13:33:54.000000 +00:00,2024-11-06 13:34:10.000000 +00:00,2024-11-06 13:34:28.745217 +00:00,scem|9|27|2024-11-06,270002700240,270002700240,2024-11-06 12:05:00.000000 +00:00
25216659465,SCEM,9,27,inbound,2024-11-06,53.226707,-0.537524,SCEM-37201,1477807,2024-11-06 13:34:14.000000 +00:00,2024-11-06 13:34:30.000000 +00:00,2024-11-06 13:34:48.808473 +00:00,scem|9|27|2024-11-06,270002700240,270002700240,2024-11-06 12:05:00.000000 +00:00
25216711003,SCEM,9,27,inbound,2024-11-06,53.226707,-0.537525,SCEM-37201,1477809,2024-11-06 13:34:34.000000 +00:00,2024-11-06 13:34:50.000000 +00:00,2024-11-06 13:35:09.415003 +00:00,scem|9|27|2024-11-06,270002700240,270002700240,2024-11-06 12:05:00.000000 +00:00
25216762543,SCEM,9,27,inbound,2024-11-06,53.226704,-0.537522,SCEM-37201,1477811,2024-11-06 13:34:55.000000 +00:00,2024-11-06 13:35:10.000000 +00:00,2024-11-06 13:35:28.802085 +00:00,scem|9|27|2024-11-06,270002700240,270002700240,2024-11-06 12:05:00.000000 +00:00
25216814079,SCEM,9,27,inbound,2024-11-06,53.2267,-0.537519,SCEM-37201,1477813,2024-11-06 13:35:15.000000 +00:00,2024-11-06 13:35:30.000000 +00:00,2024-11-06 13:35:49.718018 +00:00,scem|9|27|2024-11-06,270002700240,270002700240,2024-11-06 12:05:00.000000 +00:00
25216866289,SCEM,9,27,inbound,2024-11-06,53.226707,-0.537516,SCEM-37201,1477815,2024-11-06 13:35:35.000000 +00:00,2024-11-06 13:35:50.000000 +00:00,2024-11-06 13:36:08.860664 +00:00,scem|9|27|2024-11-06,270002700240,270002700240,2024-11-06 12:05:00.000000 +00:00
25216917143,SCEM,9,27,inbound,2024-11-06,53.22676,-0.537522,SCEM-37201,1477817,2024-11-06 13:35:55.000000 +00:00,2024-11-06 13:36:10.000000 +00:00,2024-11-06 13:36:29.209876 +00:00,scem|9|27|2024-11-06,270002700240,270002700240,2024-11-06 12:05:00.000000 +00:00
25216968686,SCEM,9,27,inbound,2024-11-06,53.226814,-0.537743,SCEM-37201,1477819,2024-11-06 13:36:15.000000 +00:00,2024-11-06 13:36:30.000000 +00:00,2024-11-06 13:36:49.057024 +00:00,scem|9|27|2024-11-06,270002700240,270002700240,2024-11-06 12:05:00.000000 +00:00
25217020240,SCEM,9,27,inbound,2024-11-06,53.22658,-0.537176,SCEM-37201,1477821,2024-11-06 13:36:36.000000 +00:00,2024-11-06 13:36:50.000000 +00:00,2024-11-06 13:37:09.588593 +00:00,scem|9|27|2024-11-06,270002700240,270002700240,2024-11-06 12:05:00.000000 +00:00
25217071799,SCEM,9,27,inbound,2024-11-06,53.226032,-0.53715,SCEM-37201,1477823,2024-11-06 13:36:56.000000 +00:00,2024-11-06 13:37:10.000000 +00:00,2024-11-06 13:37:29.178865 +00:00,scem|9|27|2024-11-06,270002700240,270002700240,2024-11-06 12:05:00.000000 +00:00
25217123358,SCEM,9,27,inbound,2024-11-06,53.225864,-0.536484,SCEM-37201,1477825,2024-11-06 13:37:16.000000 +00:00,2024-11-06 13:37:30.000000 +00:00,2024-11-06 13:37:48.832991 +00:00,scem|9|27|2024-11-06,270002700240,270002700240,2024-11-06 12:05:00.000000 +00:00
25217175469,SCEM,9,27,inbound,2024-11-06,53.226704,-0.536587,SCEM-37201,1477827,2024-11-06 13:37:37.000000 +00:00,2024-11-06 13:37:50.000000 +00:00,2024-11-06 13:38:09.202274 +00:00,scem|9|27|2024-11-06,270002700240,270002700240,2024-11-06 12:05:00.000000 +00:00
25217226483,SCEM,9,27,inbound,2024-11-06,53.225353,-0.536486,SCEM-37201,1477829,2024-11-06 13:37:57.000000 +00:00,2024-11-06 13:38:10.000000 +00:00,2024-11-06 13:38:28.684711 +00:00,scem|9|27|2024-11-06,270002700240,270002700240,2024-11-06 12:05:00.000000 +00:00
25217278046,SCEM,9,27,inbound,2024-11-06,53.223152,-0.535109,SCEM-37201,1477831,2024-11-06 13:38:17.000000 +00:00,2024-11-06 13:38:30.000000 +00:00,2024-11-06 13:38:49.388352 +00:00,scem|9|27|2024-11-06,270002700240,270002700240,2024-11-06 12:05:00.000000 +00:00
25217329607,SCEM,9,27,inbound,2024-11-06,53.223484,-0.534495,SCEM-37201,1477833,2024-11-06 13:38:38.000000 +00:00,2024-11-06 13:38:50.000000 +00:00,2024-11-06 13:39:09.287749 +00:00,scem|9|27|2024-11-06,270002700240,270002700240,2024-11-06 12:05:00.000000 +00:00
25217381186,SCEM,9,27,inbound,2024-11-06,53.224422,-0.536207,SCEM-37201,1477835,2024-11-06 13:38:58.000000 +00:00,2024-11-06 13:39:10.000000 +00:00,2024-11-06 13:39:29.326162 +00:00,scem|9|27|2024-11-06,270002700240,270002700240,2024-11-06 12:05:00.000000 +00:00
25217432760,SCEM,9,27,inbound,2024-11-06,53.22443,-0.536643,SCEM-37201,1477837,2024-11-06 13:39:18.000000 +00:00,2024-11-06 13:39:30.000000 +00:00,2024-11-06 13:39:49.445157 +00:00,scem|9|27|2024-11-06,270002700240,270002700240,2024-11-06 12:05:00.000000 +00:00
25217484882,SCEM,9,27,inbound,2024-11-06,53.224457,-0.536679,SCEM-37201,1477839,2024-11-06 13:39:39.000000 +00:00,2024-11-06 13:39:50.000000 +00:00,2024-11-06 13:40:09.318927 +00:00,scem|9|27|2024-11-06,270002700240,270002700240,2024-11-06 12:05:00.000000 +00:00
25217535916,SCEM,9,27,inbound,2024-11-06,53.22469,-0.538434,SCEM-37201,1477841,2024-11-06 13:39:59.000000 +00:00,2024-11-06 13:40:10.000000 +00:00,2024-11-06 13:40:29.041178 +00:00,scem|9|27|2024-11-06,270002700240,270002700240,2024-11-06 12:05:00.000000 +00:00
25217587492,SCEM,9,27,inbound,2024-11-06,53.225174,-0.540921,SCEM-37201,1477843,2024-11-06 13:40:19.000000 +00:00,2024-11-06 13:40:30.000000 +00:00,2024-11-06 13:40:49.768844 +00:00,scem|9|27|2024-11-06,270002700240,270002700240,2024-11-06 12:05:00.000000 +00:00
25217639082,SCEM,9,27,inbound,2024-11-06,53.225433,-0.542054,SCEM-37201,1477845,2024-11-06 13:40:40.000000 +00:00,2024-11-06 13:40:50.000000 +00:00,2024-11-06 13:41:09.121577 +00:00,scem|9|27|2024-11-06,270002700240,270002700240,2024-11-06 12:05:00.000000 +00:00
25217690664,SCEM,9,27,inbound,2024-11-06,53.225243,-0.542547,SCEM-37201,1477847,2024-11-06 13:41:00.000000 +00:00,2024-11-06 13:41:10.000000 +00:00,2024-11-06 13:41:29.207611 +00:00,scem|9|27|2024-11-06,270002700240,270002700240,2024-11-06 12:05:00.000000 +00:00
25217742240,SCEM,9,27,inbound,2024-11-06,53.22374,-0.543364,SCEM-37201,1477849,2024-11-06 13:41:20.000000 +00:00,2024-11-06 13:41:30.000000 +00:00,2024-11-06 13:41:49.912263 +00:00,scem|9|27|2024-11-06,270002700240,270002700240,2024-11-06 12:05:00.000000 +00:00
25217794203,SCEM,9,27,inbound,2024-11-06,53.223682,-0.543418,SCEM-37201,1477851,2024-11-06 13:41:41.000000 +00:00,2024-11-06 13:41:50.000000 +00:00,2024-11-06 13:42:09.898375 +00:00,scem|9|27|2024-11-06,270002700240,270002700240,2024-11-06 12:05:00.000000 +00:00
25217845401,SCEM,9,27,inbound,2024-11-06,53.22256,-0.54399,SCEM-37201,1477853,2024-11-06 13:42:01.000000 +00:00,2024-11-06 13:42:10.000000 +00:00,2024-11-06 13:42:29.447814 +00:00,scem|9|27|2024-11-06,270002700240,270002700240,2024-11-06 12:05:00.000000 +00:00
25217896978,SCEM,9,27,inbound,2024-11-06,53.221603,-0.544387,SCEM-37201,1477855,2024-11-06 13:42:21.000000 +00:00,2024-11-06 13:42:30.000000 +00:00,2024-11-06 13:42:50.012832 +00:00,scem|9|27|2024-11-06,270002700240,270002700240,2024-11-06 12:05:00.000000 +00:00
25217948560,SCEM,9,27,inbound,2024-11-06,53.221012,-0.544548,SCEM-37201,1477857,2024-11-06 13:42:41.000000 +00:00,2024-11-06 13:42:50.000000 +00:00,2024-11-06 13:43:10.133678 +00:00,scem|9|27|2024-11-06,270002700240,270002700240,2024-11-06 12:05:00.000000 +00:00
25218000156,SCEM,9,27,inbound,2024-11-06,53.219856,-0.544897,SCEM-37201,1477859,2024-11-06 13:43:01.000000 +00:00,2024-11-06 13:43:10.000000 +00:00,2024-11-06 13:43:29.760004 +00:00,scem|9|27|2024-11-06,270002700240,270002700240,2024-11-06 12:05:00.000000 +00:00
25218051742,SCEM,9,27,inbound,2024-11-06,53.21887,-0.545654,SCEM-37201,1477861,2024-11-06 13:43:22.000000 +00:00,2024-11-06 13:43:30.000000 +00:00,2024-11-06 13:43:49.668041 +00:00,scem|9|27|2024-11-06,270002700240,270002700240,2024-11-06 12:05:00.000000 +00:00
25218103628,SCEM,9,27,inbound,2024-11-06,53.21896,-0.548753,SCEM-37201,1477863,2024-11-06 13:43:42.000000 +00:00,2024-11-06 13:43:50.000000 +00:00,2024-11-06 13:44:09.726444 +00:00,scem|9|27|2024-11-06,270002700240,270002700240,2024-11-06 12:05:00.000000 +00:00
25218154925,SCEM,9,27,inbound,2024-11-06,53.219147,-0.551421,SCEM-37201,1477865,2024-11-06 13:44:02.000000 +00:00,2024-11-06 13:44:10.000000 +00:00,2024-11-06 13:44:29.747596 +00:00,scem|9|27|2024-11-06,270002700240,270002700240,2024-11-06 12:05:00.000000 +00:00
25218206515,SCEM,9,27,inbound,2024-11-06,53.21915,-0.552995,SCEM-37201,1477867,2024-11-06 13:44:22.000000 +00:00,2024-11-06 13:44:30.000000 +00:00,2024-11-06 13:44:49.807896 +00:00,scem|9|27|2024-11-06,270002700240,270002700240,2024-11-06 12:05:00.000000 +00:00
25218258111,SCEM,9,27,inbound,2024-11-06,53.218594,-0.553724,SCEM-37201,1477869,2024-11-06 13:44:42.000000 +00:00,2024-11-06 13:44:50.000000 +00:00,2024-11-06 13:45:09.843081 +00:00,scem|9|27|2024-11-06,270002700240,270002700240,2024-11-06 12:05:00.000000 +00:00
25218309707,SCEM,9,27,inbound,2024-11-06,53.21856,-0.553774,SCEM-37201,1477871,2024-11-06 13:45:03.000000 +00:00,2024-11-06 13:45:10.000000 +00:00,2024-11-06 13:45:29.304649 +00:00,scem|9|27|2024-11-06,270002700240,270002700240,2024-11-06 12:05:00.000000 +00:00
25218361298,SCEM,9,27,inbound,2024-11-06,53.21713,-0.554481,SCEM-37201,1477873,2024-11-06 13:45:23.000000 +00:00,2024-11-06 13:45:30.000000 +00:00,2024-11-06 13:45:50.032414 +00:00,scem|9|27|2024-11-06,270002700240,270002700240,2024-11-06 12:05:00.000000 +00:00
25218439028,SCEM,9,27,inbound,2024-11-06,53.21514,-0.555419,SCEM-37201,1477876,2024-11-06 13:45:43.000000 +00:00,2024-11-06 13:46:00.000000 +00:00,2024-11-06 13:46:19.497107 +00:00,scem|9|27|2024-11-06,270002700240,270002700240,2024-11-06 12:05:00.000000 +00:00
25218464487,SCEM,9,27,inbound,2024-11-06,53.214973,-0.555491,SCEM-37201,1477877,2024-11-06 13:46:04.000000 +00:00,2024-11-06 13:46:10.000000 +00:00,2024-11-06 13:46:29.457093 +00:00,scem|9|27|2024-11-06,270002700240,270002700240,2024-11-06 12:05:00.000000 +00:00
25218541852,SCEM,9,27,inbound,2024-11-06,53.21402,-0.55606,SCEM-37201,1477880,2024-11-06 13:46:24.000000 +00:00,2024-11-06 13:46:40.000000 +00:00,2024-11-06 13:46:59.501604 +00:00,scem|9|27|2024-11-06,270002700240,270002700240,2024-11-06 12:05:00.000000 +00:00
25218593446,SCEM,9,27,inbound,2024-11-06,53.213623,-0.558938,SCEM-37201,1477882,2024-11-06 13:46:45.000000 +00:00,2024-11-06 13:47:00.000000 +00:00,2024-11-06 13:47:19.762774 +00:00,scem|9|27|2024-11-06,270002700240,270002700240,2024-11-06 12:05:00.000000 +00:00
25218645034,SCEM,9,27,inbound,2024-11-06,53.211952,-0.560924,SCEM-37201,1477884,2024-11-06 13:47:05.000000 +00:00,2024-11-06 13:47:20.000000 +00:00,2024-11-06 13:47:39.320823 +00:00,scem|9|27|2024-11-06,270002700240,270002700240,2024-11-06 12:05:00.000000 +00:00
25218696632,SCEM,9,27,inbound,2024-11-06,53.21036,-0.562305,SCEM-37201,1477886,2024-11-06 13:47:25.000000 +00:00,2024-11-06 13:47:40.000000 +00:00,2024-11-06 13:47:59.766388 +00:00,scem|9|27|2024-11-06,270002700240,270002700240,2024-11-06 12:05:00.000000 +00:00
25218748223,SCEM,9,27,inbound,2024-11-06,53.21005,-0.562822,SCEM-37201,1477888,2024-11-06 13:47:46.000000 +00:00,2024-11-06 13:48:00.000000 +00:00,2024-11-06 13:48:19.468959 +00:00,scem|9|27|2024-11-06,270002700240,270002700240,2024-11-06 12:05:00.000000 +00:00
25218799821,SCEM,9,27,inbound,2024-11-06,53.209652,-0.563578,SCEM-37201,1477890,2024-11-06 13:48:06.000000 +00:00,2024-11-06 13:48:20.000000 +00:00,2024-11-06 13:48:39.325879 +00:00,scem|9|27|2024-11-06,270002700240,270002700240,2024-11-06 12:05:00.000000 +00:00
25218851455,SCEM,9,27,inbound,2024-11-06,53.208595,-0.565322,SCEM-37201,1477892,2024-11-06 13:48:26.000000 +00:00,2024-11-06 13:48:40.000000 +00:00,2024-11-06 13:49:00.266062 +00:00,scem|9|27|2024-11-06,270002700240,270002700240,2024-11-06 12:05:00.000000 +00:00
25218903028,SCEM,9,27,inbound,2024-11-06,53.20859,-0.56535,SCEM-37201,1477894,2024-11-06 13:48:46.000000 +00:00,2024-11-06 13:49:00.000000 +00:00,2024-11-06 13:49:19.717307 +00:00,scem|9|27|2024-11-06,270002700240,270002700240,2024-11-06 12:05:00.000000 +00:00
25218954646,SCEM,9,27,inbound,2024-11-06,53.20841,-0.565669,SCEM-37201,1477896,2024-11-06 13:49:07.000000 +00:00,2024-11-06 13:49:20.000000 +00:00,2024-11-06 13:49:40.034513 +00:00,scem|9|27|2024-11-06,270002700240,270002700240,2024-11-06 12:05:00.000000 +00:00
25219006249,SCEM,9,27,inbound,2024-11-06,53.207455,-0.568027,SCEM-37201,1477898,2024-11-06 13:49:27.000000 +00:00,2024-11-06 13:49:40.000000 +00:00,2024-11-06 13:49:59.953502 +00:00,scem|9|27|2024-11-06,270002700240,270002700240,2024-11-06 12:05:00.000000 +00:00
25219058129,SCEM,9,27,inbound,2024-11-06,53.20658,-0.57101,SCEM-37201,1477900,2024-11-06 13:49:47.000000 +00:00,2024-11-06 13:50:00.000000 +00:00,2024-11-06 13:50:19.612339 +00:00,scem|9|27|2024-11-06,270002700240,270002700240,2024-11-06 12:05:00.000000 +00:00
25219109477,SCEM,9,27,inbound,2024-11-06,53.2065,-0.571291,SCEM-37201,1477902,2024-11-06 13:50:08.000000 +00:00,2024-11-06 13:50:20.000000 +00:00,2024-11-06 13:50:40.161123 +00:00,scem|9|27|2024-11-06,270002700240,270002700240,2024-11-06 12:05:00.000000 +00:00
25219161091,SCEM,9,27,inbound,2024-11-06,53.205944,-0.573309,SCEM-37201,1477904,2024-11-06 13:50:28.000000 +00:00,2024-11-06 13:50:40.000000 +00:00,2024-11-06 13:50:59.804398 +00:00,scem|9|27|2024-11-06,270002700240,270002700240,2024-11-06 12:05:00.000000 +00:00
25219212708,SCEM,9,27,inbound,2024-11-06,53.20522,-0.575094,SCEM-37201,1477906,2024-11-06 13:50:48.000000 +00:00,2024-11-06 13:51:00.000000 +00:00,2024-11-06 13:51:20.275086 +00:00,scem|9|27|2024-11-06,270002700240,270002700240,2024-11-06 12:05:00.000000 +00:00
25219264324,SCEM,9,27,inbound,2024-11-06,53.20383,-0.57398,SCEM-37201,1477908,2024-11-06 13:51:08.000000 +00:00,2024-11-06 13:51:20.000000 +00:00,2024-11-06 13:51:40.258870 +00:00,scem|9|27|2024-11-06,270002700240,270002700240,2024-11-06 12:05:00.000000 +00:00
25219315936,SCEM,9,27,inbound,2024-11-06,53.203205,-0.572543,SCEM-37201,1477910,2024-11-06 13:51:29.000000 +00:00,2024-11-06 13:51:40.000000 +00:00,2024-11-06 13:51:59.925045 +00:00,scem|9|27|2024-11-06,270002700240,270002700240,2024-11-06 12:05:00.000000 +00:00
25219367564,SCEM,9,27,inbound,2024-11-06,53.202538,-0.570263,SCEM-37201,1477912,2024-11-06 13:51:49.000000 +00:00,2024-11-06 13:52:00.000000 +00:00,2024-11-06 13:52:19.440761 +00:00,scem|9|27|2024-11-06,270002700240,270002700240,2024-11-06 12:05:00.000000 +00:00
25219419181,SCEM,9,27,inbound,2024-11-06,53.201702,-0.567866,SCEM-37201,1477914,2024-11-06 13:52:09.000000 +00:00,2024-11-06 13:52:20.000000 +00:00,2024-11-06 13:52:39.964367 +00:00,scem|9|27|2024-11-06,270002700240,270002700240,2024-11-06 12:05:00.000000 +00:00
25219470837,SCEM,9,27,inbound,2024-11-06,53.200905,-0.566195,SCEM-37201,1477916,2024-11-06 13:52:29.000000 +00:00,2024-11-06 13:52:40.000000 +00:00,2024-11-06 13:53:00.011839 +00:00,scem|9|27|2024-11-06,270002700240,270002700240,2024-11-06 12:05:00.000000 +00:00
25219522415,SCEM,9,27,inbound,2024-11-06,53.200745,-0.566063,SCEM-37201,1477918,2024-11-06 13:52:50.000000 +00:00,2024-11-06 13:53:00.000000 +00:00,2024-11-06 13:53:20.141915 +00:00,scem|9|27|2024-11-06,270002700240,270002700240,2024-11-06 12:05:00.000000 +00:00
25219574033,SCEM,9,27,inbound,2024-11-06,53.200512,-0.56654,SCEM-37201,1477920,2024-11-06 13:53:10.000000 +00:00,2024-11-06 13:53:20.000000 +00:00,2024-11-06 13:53:39.498872 +00:00,scem|9|27|2024-11-06,270002700240,270002700240,2024-11-06 12:05:00.000000 +00:00
25219625669,SCEM,9,27,inbound,2024-11-06,53.19964,-0.568865,SCEM-37201,1477922,2024-11-06 13:53:30.000000 +00:00,2024-11-06 13:53:40.000000 +00:00,2024-11-06 13:53:59.778508 +00:00,scem|9|27|2024-11-06,270002700240,270002700240,2024-11-06 12:05:00.000000 +00:00
25219677309,SCEM,9,27,inbound,2024-11-06,53.199524,-0.569152,SCEM-37201,1477924,2024-11-06 13:53:51.000000 +00:00,2024-11-06 13:54:00.000000 +00:00,2024-11-06 13:54:19.980721 +00:00,scem|9|27|2024-11-06,270002700240,270002700240,2024-11-06 12:05:00.000000 +00:00
25219728951,SCEM,9,27,inbound,2024-11-06,53.198956,-0.571822,SCEM-37201,1477926,2024-11-06 13:54:11.000000 +00:00,2024-11-06 13:54:20.000000 +00:00,2024-11-06 13:54:40.281626 +00:00,scem|9|27|2024-11-06,270002700240,270002700240,2024-11-06 12:05:00.000000 +00:00
25219780607,SCEM,9,27,inbound,2024-11-06,53.19915,-0.575341,SCEM-37201,1477928,2024-11-06 13:54:31.000000 +00:00,2024-11-06 13:54:40.000000 +00:00,2024-11-06 13:54:59.928080 +00:00,scem|9|27|2024-11-06,270002700240,270002700240,2024-11-06 12:05:00.000000 +00:00
25219832216,SCEM,9,27,inbound,2024-11-06,53.1992,-0.579013,SCEM-37201,1477930,2024-11-06 13:54:51.000000 +00:00,2024-11-06 13:55:00.000000 +00:00,2024-11-06 13:55:20.476148 +00:00,scem|9|27|2024-11-06,270002700240,270002700240,2024-11-06 12:05:00.000000 +00:00
25219883861,SCEM,9,27,inbound,2024-11-06,53.199818,-0.582132,SCEM-37201,1477932,2024-11-06 13:55:12.000000 +00:00,2024-11-06 13:55:20.000000 +00:00,2024-11-06 13:55:40.408063 +00:00,scem|9|27|2024-11-06,270002700240,270002700240,2024-11-06 12:05:00.000000 +00:00
25219935510,SCEM,9,27,inbound,2024-11-06,53.20015,-0.583558,SCEM-37201,1477934,2024-11-06 13:55:32.000000 +00:00,2024-11-06 13:55:40.000000 +00:00,2024-11-06 13:56:00.057094 +00:00,scem|9|27|2024-11-06,270002700240,270002700240,2024-11-06 12:05:00.000000 +00:00
25220012972,SCEM,9,27,inbound,2024-11-06,53.200195,-0.583658,SCEM-37201,1477937,2024-11-06 13:55:52.000000 +00:00,2024-11-06 13:56:10.000000 +00:00,2024-11-06 13:56:30.164433 +00:00,scem|9|27|2024-11-06,270002700240,270002700240,2024-11-06 12:05:00.000000 +00:00
25220038794,SCEM,9,27,inbound,2024-11-06,53.200817,-0.58631,SCEM-37201,1477938,2024-11-06 13:56:13.000000 +00:00,2024-11-06 13:56:20.000000 +00:00,2024-11-06 13:56:39.898015 +00:00,scem|9|27|2024-11-06,270002700240,270002700240,2024-11-06 12:05:00.000000 +00:00
25220090488,SCEM,9,27,inbound,2024-11-06,53.20159,-0.589738,SCEM-37201,1477940,2024-11-06 13:56:33.000000 +00:00,2024-11-06 13:56:40.000000 +00:00,2024-11-06 13:57:00.049904 +00:00,scem|9|27|2024-11-06,270002700240,270002700240,2024-11-06 12:05:00.000000 +00:00
25220167925,SCEM,9,27,inbound,2024-11-06,53.202236,-0.59295,SCEM-37201,1477943,2024-11-06 13:56:53.000000 +00:00,2024-11-06 13:57:10.000000 +00:00,2024-11-06 13:57:29.636258 +00:00,scem|9|27|2024-11-06,270002700240,270002700240,2024-11-06 12:05:00.000000 +00:00
25220193746,SCEM,9,27,inbound,2024-11-06,53.20271,-0.594841,SCEM-37201,1477944,2024-11-06 13:57:13.000000 +00:00,2024-11-06 13:57:20.000000 +00:00,2024-11-06 13:57:39.742432 +00:00,scem|9|27|2024-11-06,270002700240,270002700240,2024-11-06 12:05:00.000000 +00:00
25220245404,SCEM,9,27,inbound,2024-11-06,53.2035,-0.598071,SCEM-37201,1477946,2024-11-06 13:57:34.000000 +00:00,2024-11-06 13:57:40.000000 +00:00,2024-11-06 13:57:59.779266 +00:00,scem|9|27|2024-11-06,270002700240,270002700240,2024-11-06 12:05:00.000000 +00:00
25220322889,SCEM,9,27,inbound,2024-11-06,53.203747,-0.598769,SCEM-37201,1477949,2024-11-06 13:57:54.000000 +00:00,2024-11-06 13:58:10.000000 +00:00,2024-11-06 13:58:30.899967 +00:00,scem|9|27|2024-11-06,270002700240,270002700240,2024-11-06 12:05:00.000000 +00:00
25220374540,SCEM,9,27,inbound,2024-11-06,53.204605,-0.602353,SCEM-37201,1477951,2024-11-06 13:58:14.000000 +00:00,2024-11-06 13:58:30.000000 +00:00,2024-11-06 13:58:49.865908 +00:00,scem|9|27|2024-11-06,270002700240,270002700240,2024-11-06 12:05:00.000000 +00:00
25220400433,SCEM,9,27,inbound,2024-11-06,53.205513,-0.606107,SCEM-37201,1477952,2024-11-06 13:58:34.000000 +00:00,2024-11-06 13:58:40.000000 +00:00,2024-11-06 13:59:00.303327 +00:00,scem|9|27|2024-11-06,270002700240,270002700240,2024-11-06 12:05:00.000000 +00:00
25220477861,SCEM,9,27,inbound,2024-11-06,53.206318,-0.60906,SCEM-37201,1477955,2024-11-06 13:58:54.000000 +00:00,2024-11-06 13:59:11.000000 +00:00,2024-11-06 13:59:30.200458 +00:00,scem|9|27|2024-11-06,270002700240,270002700240,2024-11-06 12:05:00.000000 +00:00
25220529523,SCEM,9,27,inbound,2024-11-06,53.20695,-0.608688,SCEM-37201,1477957,2024-11-06 13:59:15.000000 +00:00,2024-11-06 13:59:30.000000 +00:00,2024-11-06 13:59:50.526203 +00:00,scem|9|27|2024-11-06,270002700240,270002700240,2024-11-06 12:05:00.000000 +00:00
25220581582,SCEM,9,27,inbound,2024-11-06,53.20699,-0.608695,SCEM-37201,1477959,2024-11-06 13:59:35.000000 +00:00,2024-11-06 13:59:50.000000 +00:00,2024-11-06 14:00:10.139406 +00:00,scem|9|27|2024-11-06,270002700240,270002700240,2024-11-06 12:05:00.000000 +00:00
25220632862,SCEM,9,27,inbound,2024-11-06,53.20699,-0.60866,SCEM-37201,1477961,2024-11-06 13:59:55.000000 +00:00,2024-11-06 14:00:11.000000 +00:00,2024-11-06 14:00:30.314749 +00:00,scem|9|27|2024-11-06,270002700240,270002700240,2024-11-06 12:05:00.000000 +00:00
25220684526,SCEM,9,27,inbound,2024-11-06,53.20799,-0.607378,SCEM-37201,1477963,2024-11-06 14:00:15.000000 +00:00,2024-11-06 14:00:31.000000 +00:00,2024-11-06 14:00:50.130671 +00:00,scem|9|27|2024-11-06,270002700240,270002700240,2024-11-06 12:05:00.000000 +00:00
25220736493,SCEM,9,27,inbound,2024-11-06,53.20978,-0.606072,SCEM-37201,1477965,2024-11-06 14:00:35.000000 +00:00,2024-11-06 14:01:01.000000 +00:00,2024-11-06 14:01:15.342990 +00:00,scem|9|27|2024-11-06,270002700240,270002700240,2024-11-06 12:05:00.000000 +00:00
25220787847,SCEM,9,27,inbound,2024-11-06,53.210373,-0.605425,SCEM-37201,1477967,2024-11-06 14:00:56.000000 +00:00,2024-11-06 14:01:11.000000 +00:00,2024-11-06 14:01:29.780245 +00:00,scem|9|27|2024-11-06,270002700240,270002700240,2024-11-06 12:05:00.000000 +00:00
25220839505,SCEM,9,27,inbound,2024-11-06,53.2108,-0.604099,SCEM-37201,1477969,2024-11-06 14:01:16.000000 +00:00,2024-11-06 14:01:31.000000 +00:00,2024-11-06 14:01:49.779101 +00:00,scem|9|27|2024-11-06,270002700240,270002700240,2024-11-06 12:05:00.000000 +00:00
25220891180,SCEM,9,27,inbound,2024-11-06,53.210938,-0.60319,SCEM-37201,1477971,2024-11-06 14:01:36.000000 +00:00,2024-11-06 14:02:01.000000 +00:00,2024-11-06 14:02:13.754049 +00:00,scem|9|27|2024-11-06,270002700240,270002700240,2024-11-06 12:05:00.000000 +00:00
25220942854,SCEM,9,27,inbound,2024-11-06,53.209858,-0.60092,SCEM-37201,1477973,2024-11-06 14:01:56.000000 +00:00,2024-11-06 14:02:11.000000 +00:00,2024-11-06 14:02:30.305830 +00:00,scem|9|27|2024-11-06,270002700240,270002700240,2024-11-06 12:05:00.000000 +00:00
25220994516,SCEM,9,27,inbound,2024-11-06,53.209488,-0.598303,SCEM-37201,1477975,2024-11-06 14:02:17.000000 +00:00,2024-11-06 14:02:31.000000 +00:00,2024-11-06 14:02:49.908848 +00:00,scem|9|27|2024-11-06,270002700240,270002700240,2024-11-06 12:05:00.000000 +00:00
25221020347,SCEM,9,27,inbound,2024-11-06,53.20927,-0.597694,SCEM-37201,1477976,2024-11-06 14:02:37.000000 +00:00,2024-11-06 14:02:51.000000 +00:00,2024-11-06 14:03:06.123457 +00:00,scem|9|27|2024-11-06,270002700240,270002700240,2024-11-06 12:05:00.000000 +00:00
25221097865,SCEM,9,27,inbound,2024-11-06,53.20874,-0.596287,SCEM-37201,1477979,2024-11-06 14:02:57.000000 +00:00,2024-11-06 14:03:11.000000 +00:00,2024-11-06 14:03:30.352229 +00:00,scem|9|27|2024-11-06,270002700240,270002700240,2024-11-06 12:05:00.000000 +00:00
25221149554,SCEM,9,27,inbound,2024-11-06,53.210133,-0.594703,SCEM-37201,1477981,2024-11-06 14:03:17.000000 +00:00,2024-11-06 14:03:31.000000 +00:00,2024-11-06 14:03:50.200897 +00:00,scem|9|27|2024-11-06,270002700240,270002700240,2024-11-06 12:05:00.000000 +00:00
25221201239,SCEM,9,27,inbound,2024-11-06,53.211357,-0.593864,SCEM-37201,1477983,2024-11-06 14:03:38.000000 +00:00,2024-11-06 14:03:51.000000 +00:00,2024-11-06 14:04:10.369920 +00:00,scem|9|27|2024-11-06,270002700240,270002700240,2024-11-06 12:05:00.000000 +00:00
25221252932,SCEM,9,27,inbound,2024-11-06,53.211708,-0.593644,SCEM-37201,1477985,2024-11-06 14:03:58.000000 +00:00,2024-11-06 14:04:11.000000 +00:00,2024-11-06 14:04:30.868551 +00:00,scem|9|27|2024-11-06,270002700240,270002700240,2024-11-06 12:05:00.000000 +00:00
25221304620,SCEM,9,27,inbound,2024-11-06,53.21354,-0.593533,SCEM-37201,1477987,2024-11-06 14:04:18.000000 +00:00,2024-11-06 14:04:31.000000 +00:00,2024-11-06 14:04:50.255438 +00:00,scem|9|27|2024-11-06,270002700240,270002700240,2024-11-06 12:05:00.000000 +00:00
25221356708,SCEM,9,27,inbound,2024-11-06,53.215267,-0.593825,SCEM-37201,1477989,2024-11-06 14:04:38.000000 +00:00,2024-11-06 14:04:51.000000 +00:00,2024-11-06 14:05:10.438972 +00:00,scem|9|27|2024-11-06,270002700240,270002700240,2024-11-06 12:05:00.000000 +00:00
25221408012,SCEM,9,27,inbound,2024-11-06,53.216732,-0.595345,SCEM-37201,1477991,2024-11-06 14:04:58.000000 +00:00,2024-11-06 14:05:11.000000 +00:00,2024-11-06 14:05:30.903464 +00:00,scem|9|27|2024-11-06,270002700240,270002700240,2024-11-06 12:05:00.000000 +00:00
25221459736,SCEM,9,27,inbound,2024-11-06,53.21697,-0.597607,SCEM-37201,1477993,2024-11-06 14:05:19.000000 +00:00,2024-11-06 14:05:31.000000 +00:00,2024-11-06 14:05:50.891767 +00:00,scem|9|27|2024-11-06,270002700240,270002700240,2024-11-06 12:05:00.000000 +00:00
25221511405,SCEM,9,27,inbound,2024-11-06,53.21744,-0.599834,SCEM-37201,1477995,2024-11-06 14:05:39.000000 +00:00,2024-11-06 14:05:51.000000 +00:00,2024-11-06 14:06:10.640950 +00:00,scem|9|27|2024-11-06,270002700240,270002700240,2024-11-06 12:05:00.000000 +00:00
25221563109,SCEM,9,27,inbound,2024-11-06,53.218086,-0.601058,SCEM-37201,1477997,2024-11-06 14:05:59.000000 +00:00,2024-11-06 14:06:11.000000 +00:00,2024-11-06 14:06:30.355200 +00:00,scem|9|27|2024-11-06,270002700240,270002700240,2024-11-06 12:05:00.000000 +00:00
25221614826,SCEM,9,27,inbound,2024-11-06,53.21722,-0.602038,SCEM-37201,1477999,2024-11-06 14:06:20.000000 +00:00,2024-11-06 14:06:31.000000 +00:00,2024-11-06 14:06:51.157693 +00:00,scem|9|27|2024-11-06,270002700240,270002700240,2024-11-06 12:05:00.000000 +00:00
25221666545,SCEM,9,27,inbound,2024-11-06,53.215355,-0.602961,SCEM-37201,1478001,2024-11-06 14:06:40.000000 +00:00,2024-11-06 14:06:51.000000 +00:00,2024-11-06 14:07:10.726721 +00:00,scem|9|27|2024-11-06,270002700240,270002700240,2024-11-06 12:05:00.000000 +00:00
25221718258,SCEM,9,27,inbound,2024-11-06,53.214382,-0.603248,SCEM-37201,1478003,2024-11-06 14:07:00.000000 +00:00,2024-11-06 14:07:11.000000 +00:00,2024-11-06 14:07:30.279243 +00:00,scem|9|27|2024-11-06,270002700240,270002700240,2024-11-06 12:05:00.000000 +00:00
25221769997,SCEM,9,27,inbound,2024-11-06,53.214367,-0.603236,SCEM-37201,1478005,2024-11-06 14:07:20.000000 +00:00,2024-11-06 14:07:31.000000 +00:00,2024-11-06 14:07:50.228348 +00:00,scem|9|27|2024-11-06,270002700240,270002700240,2024-11-06 12:05:00.000000 +00:00
25221821690,SCEM,9,27,inbound,2024-11-06,53.214363,-0.60325,SCEM-37201,1478007,2024-11-06 14:07:41.000000 +00:00,2024-11-06 14:07:51.000000 +00:00,2024-11-06 14:08:10.538753 +00:00,scem|9|27|2024-11-06,270002700240,270002700240,2024-11-06 12:05:00.000000 +00:00
25221873408,SCEM,9,27,inbound,2024-11-06,53.214355,-0.603252,SCEM-37201,1478009,2024-11-06 14:08:01.000000 +00:00,2024-11-06 14:08:11.000000 +00:00,2024-11-06 14:08:30.661675 +00:00,scem|9|27|2024-11-06,270002700240,270002700240,2024-11-06 12:05:00.000000 +00:00
25221925173,SCEM,9,27,inbound,2024-11-06,53.214344,-0.603267,SCEM-37201,1478011,2024-11-06 14:08:21.000000 +00:00,2024-11-06 14:08:31.000000 +00:00,2024-11-06 14:08:50.842629 +00:00,scem|9|27|2024-11-06,270002700240,270002700240,2024-11-06 12:05:00.000000 +00:00
25221976850,SCEM,9,27,inbound,2024-11-06,53.21434,-0.603277,SCEM-37201,1478013,2024-11-06 14:08:41.000000 +00:00,2024-11-06 14:08:51.000000 +00:00,2024-11-06 14:09:10.275375 +00:00,scem|9|27|2024-11-06,270002700240,270002700240,2024-11-06 12:05:00.000000 +00:00
25222028571,SCEM,9,27,inbound,2024-11-06,53.214336,-0.60328,SCEM-37201,1478015,2024-11-06 14:09:02.000000 +00:00,2024-11-06 14:09:11.000000 +00:00,2024-11-06 14:09:30.812542 +00:00,scem|9|27|2024-11-06,270002700240,270002700240,2024-11-06 12:05:00.000000 +00:00
25222080364,SCEM,9,27,inbound,2024-11-06,53.214336,-0.603273,SCEM-37201,1478017,2024-11-06 14:09:22.000000 +00:00,2024-11-06 14:09:31.000000 +00:00,2024-11-06 14:09:50.484950 +00:00,scem|9|27|2024-11-06,270002700240,270002700240,2024-11-06 12:05:00.000000 +00:00
25222132024,SCEM,9,27,inbound,2024-11-06,53.214344,-0.603256,SCEM-37201,1478019,2024-11-06 14:09:42.000000 +00:00,2024-11-06 14:09:51.000000 +00:00,2024-11-06 14:10:10.950757 +00:00,scem|9|27|2024-11-06,270002700240,270002700240,2024-11-06 12:05:00.000000 +00:00
25222183746,SCEM,9,27,inbound,2024-11-06,53.214348,-0.603236,SCEM-37201,1478021,2024-11-06 14:10:02.000000 +00:00,2024-11-06 14:10:11.000000 +00:00,2024-11-06 14:10:31.261173 +00:00,scem|9|27|2024-11-06,270002700240,270002700240,2024-11-06 12:05:00.000000 +00:00
25222235554,SCEM,9,27,inbound,2024-11-06,53.214348,-0.603212,SCEM-37201,1478023,2024-11-06 14:10:23.000000 +00:00,2024-11-06 14:10:31.000000 +00:00,2024-11-06 14:10:51.345931 +00:00,scem|9|27|2024-11-06,270002700240,270002700240,2024-11-06 12:05:00.000000 +00:00
25222287217,SCEM,9,27,inbound,2024-11-06,53.21431,-0.603251,SCEM-37201,1478025,2024-11-06 14:10:43.000000 +00:00,2024-11-06 14:10:51.000000 +00:00,2024-11-06 14:11:11.271362 +00:00,scem|9|27|2024-11-06,270002700240,270002700240,2024-11-06 12:05:00.000000 +00:00
25222338953,SCEM,9,27,inbound,2024-11-06,53.21275,-0.603304,SCEM-37201,1478027,2024-11-06 14:11:03.000000 +00:00,2024-11-06 14:11:11.000000 +00:00,2024-11-06 14:11:30.634162 +00:00,scem|9|27|2024-11-06,270002700240,270002700240,2024-11-06 12:05:00.000000 +00:00
25222390745,SCEM,9,27,inbound,2024-11-06,53.210983,-0.603164,SCEM-37201,1478029,2024-11-06 14:11:23.000000 +00:00,2024-11-06 14:11:31.000000 +00:00,2024-11-06 14:11:50.259613 +00:00,scem|9|27|2024-11-06,270002700240,270002700240,2024-11-06 12:05:00.000000 +00:00
25222442442,SCEM,9,27,inbound,2024-11-06,53.210464,-0.605144,SCEM-37201,1478031,2024-11-06 14:11:43.000000 +00:00,2024-11-06 14:11:51.000000 +00:00,2024-11-06 14:12:10.298158 +00:00,scem|9|27|2024-11-06,270002700240,270002700240,2024-11-06 12:05:00.000000 +00:00
25222494199,SCEM,9,27,inbound,2024-11-06,53.20889,-0.606486,SCEM-37201,1478033,2024-11-06 14:12:04.000000 +00:00,2024-11-06 14:12:11.000000 +00:00,2024-11-06 14:12:30.274687 +00:00,scem|9|27|2024-11-06,270002700240,270002700240,2024-11-06 12:05:00.000000 +00:00
25222545957,SCEM,9,27,inbound,2024-11-06,53.20736,-0.608259,SCEM-37201,1478035,2024-11-06 14:12:24.000000 +00:00,2024-11-06 14:12:31.000000 +00:00,2024-11-06 14:12:50.573323 +00:00,scem|9|27|2024-11-06,270002700240,270002700240,2024-11-06 12:05:00.000000 +00:00
25222623602,SCEM,9,27,inbound,2024-11-06,53.206776,-0.608786,SCEM-37201,1478038,2024-11-06 14:12:44.000000 +00:00,2024-11-06 14:13:01.000000 +00:00,2024-11-06 14:13:21.019678 +00:00,scem|9|27|2024-11-06,270002700240,270002700240,2024-11-06 12:05:00.000000 +00:00
25222649478,SCEM,9,27,inbound,2024-11-06,53.206318,-0.608868,SCEM-37201,1478039,2024-11-06 14:13:04.000000 +00:00,2024-11-06 14:13:11.000000 +00:00,2024-11-06 14:13:31.164306 +00:00,scem|9|27|2024-11-06,270002700240,270002700240,2024-11-06 12:05:00.000000 +00:00
25222727132,SCEM,9,27,inbound,2024-11-06,53.20554,-0.605692,SCEM-37201,1478042,2024-11-06 14:13:24.000000 +00:00,2024-11-06 14:13:41.000000 +00:00,2024-11-06 14:14:00.537406 +00:00,scem|9|27|2024-11-06,270002700240,270002700240,2024-11-06 12:05:00.000000 +00:00
25222778918,SCEM,9,27,inbound,2024-11-06,53.204586,-0.601694,SCEM-37201,1478044,2024-11-06 14:13:45.000000 +00:00,2024-11-06 14:14:01.000000 +00:00,2024-11-06 14:14:20.501361 +00:00,scem|9|27|2024-11-06,270002700240,270002700240,2024-11-06 12:05:00.000000 +00:00
25222830728,SCEM,9,27,inbound,2024-11-06,53.203568,-0.59739,SCEM-37201,1478046,2024-11-06 14:14:05.000000 +00:00,2024-11-06 14:14:21.000000 +00:00,2024-11-06 14:14:41.157687 +00:00,scem|9|27|2024-11-06,270002700240,270002700240,2024-11-06 12:05:00.000000 +00:00
25222883103,SCEM,9,27,inbound,2024-11-06,53.203075,-0.595317,SCEM-37201,1478048,2024-11-06 14:14:25.000000 +00:00,2024-11-06 14:14:41.000000 +00:00,2024-11-06 14:15:00.700304 +00:00,scem|9|27|2024-11-06,270002700240,270002700240,2024-11-06 12:05:00.000000 +00:00
25222934293,SCEM,9,27,inbound,2024-11-06,53.203026,-0.595218,SCEM-37201,1478050,2024-11-06 14:14:46.000000 +00:00,2024-11-06 14:15:01.000000 +00:00,2024-11-06 14:15:20.859816 +00:00,scem|9|27|2024-11-06,270002700240,270002700240,2024-11-06 12:05:00.000000 +00:00
25222986107,SCEM,9,27,inbound,2024-11-06,53.202965,-0.59506,SCEM-37201,1478052,2024-11-06 14:15:06.000000 +00:00,2024-11-06 14:15:21.000000 +00:00,2024-11-06 14:15:40.722499 +00:00,scem|9|27|2024-11-06,270002700240,270002700240,2024-11-06 12:05:00.000000 +00:00
25223037923,SCEM,9,27,inbound,2024-11-06,53.20285,-0.594569,SCEM-37201,1478054,2024-11-06 14:15:26.000000 +00:00,2024-11-06 14:15:41.000000 +00:00,2024-11-06 14:16:00.972144 +00:00,scem|9|27|2024-11-06,270002700240,270002700240,2024-11-06 12:05:00.000000 +00:00
25223089745,SCEM,9,27,inbound,2024-11-06,53.20211,-0.5913,SCEM-37201,1478056,2024-11-06 14:15:46.000000 +00:00,2024-11-06 14:16:01.000000 +00:00,2024-11-06 14:16:21.293095 +00:00,scem|9|27|2024-11-06,270002700240,270002700240,2024-11-06 12:05:00.000000 +00:00
25223141603,SCEM,9,27,inbound,2024-11-06,53.20123,-0.587637,SCEM-37201,1478058,2024-11-06 14:16:06.000000 +00:00,2024-11-06 14:16:21.000000 +00:00,2024-11-06 14:16:40.985054 +00:00,scem|9|27|2024-11-06,270002700240,270002700240,2024-11-06 12:05:00.000000 +00:00
